id,symbol,full_name
1673723677362317889,USDS,USDS
1673723677362319866,BTC,Bitcoin
1673723677362319867,ETH,Ethereum
1673723677362319868,USDT,Tether
1673723677362319869,BNB,Binance Coin
1673723677362319870,USDC,USDC
1673723677362319871,XRP,XRP
1673723677362319872,STETH,Lido Staked Ether
1673723677362319873,ADA,Cardano
1673723677362319874,DOGE,Dogecoin
1673723677362319875,SOL,Solana
1673723677362319876,LTC,Litecoin
1673723677362319877,DOT,Polkadot
1673723677362319878,MATIC,Polygon
1673723677362319879,DAI,Dai
1673723677362319881,SHIB,Shiba Inu
1673723677362319882,WBTC,Wrapped Bitcoin
1673723677362319883,AVAX,Avalanche
1673723677362319884,UNI,Uniswap
1673723677362319885,LEO,LEO Token
1673723677362319886,TUSD,TrueUSD
1673723677362319887,LINK,Chainlink
1673723677362319888,XMR,Monero
1673723677362319889,OKB,OKB
1673723677362319890,ATOM,Cosmos Hub
1673723677362319891,ETC,Ethereum Classic
1673723677362319892,XLM,Stellar
1673723677362319893,TON,Toncoin
1673723677362319894,BCH,Bitcoin Cash
1673723677362319895,ICP,Internet Computer
1673723677362319896,FIL,Filecoin
1673723677362319897,LDO,Lido DAO
1673723677362319898,QNT,Quant
1673723677362319899,APT,Aptos
1673723677362319900,HBAR,Hedera
1673723677362319901,CRO,Cronos
1673723677362319902,ARB,Arbitrum
1673723677362319903,NEAR,NEAR Protocol
1673723677362319904,VET,VeChain
1673723677362319905,USDP,Pax Dollar
1673723677362319907,GRT,The Graph
1673723677362319908,ALGO,Algorand
1673723677362319909,RETH,Rocket Pool ETH
1673723677362319910,STX,Stacks
1673723677362319911,RPL,Rocket Pool
1673723677362319912,EGLD,MultiversX
1673723677362319914,APE,ApeCoin
1673723677362319915,AAVE,Aave
1673723677362319916,USDD,USDD
1673723677362319917,RENDER,Render
1673723677362319918,SAND,The Sandbox
1673723677362319919,OP,Optimism
1673723677362319920,EOS,EOS
1673723677362319921,WBT,WhiteBIT Token
1673723677362319922,XTZ,Tezos
1673723677362319923,BGB,Bitget Token
1673723677362319924,THETA,Theta Network
1673723677362319925,IMX,ImmutableX
1673723677362319927,MKR,Maker
1673723677362319928,MANA,Decentraland
1673723677362319930,XRD,Radix
1673723677362319931,SNX,Synthetix Network
1673723677362319933,AXS,Axie Infinity
1673723677362319934,GALA,GALA
1673723677362319935,GT,Gate
1673723677362319936,NEO,NEO
1673723677362319937,CRV,Curve DAO
1673723677362319938,LUNC,Terra Luna Classic
1673723677362319939,PAXG,PAX Gold
1673723677362319941,INJ,Injective
1673723677362319942,XAUT,Tether Gold
1673723677362319943,FLOW,Flow
1673723677362319944,BSV,Bitcoin SV
1673723677362319945,KAVA,Kava
1673723677362319947,BTT,BitTorrent
1673723677362319949,IOTA,IOTA
1673723677362319950,CSPR,Casper Network
1673723677362319951,XDC,XDC Network
1673723677362319952,GMX,GMX
1673723677362319953,HT,Huobi
1673723677362319954,SUI,Sui
1673723677362319956,FXS,Frax Share
1673723677362319957,MINA,Mina Protocol
1673723677362319959,PEPE,Pepe
1673723677362319960,XEC,eCash
1673723677362319961,TWT,Trust Wallet
1673723677362319962,CFX,Conflux
1673723677362319963,KAS,Kaspa
1673723677362319964,CHZ,Chiliz
1673723677362319965,DASH,Dash
1673723677362319966,NEXO,NEXO
1673723677362319968,AR,Arweave
1673723677362319969,TOMI,tomiNet
1673723677362319970,WOO,WOO Network
1673723677362319971,CAKE,PancakeSwap
1673723677362319972,MASK,Mask Network
1673723677362319974,OSMO,Osmosis
1673723677362319975,FLR,Flare
1673723677362319976,ZIL,Zilliqa
1673723677362319977,BDX,Beldex
1673723677362319979,GNO,Gnosis
1673723677362319982,OKT,OKT Chain
1673723677362319983,DYDX,dYdX
1673723677362319984,CVX,Convex Finance
1673723677362319985,LRC,Loopring
1673723677362319986,ENJ,Enjin Coin
1673723677362319989,BAT,Basic Attention
1673723677362319990,1INCH,1inch
1673723677362319991,RUNE,THORChain
1673723677362319993,ILV,Illuvium
1673723677362319994,XCH,Chia
1673723677362319995,MX,MX
1673723677362319997,BLUR,Blur
1673723677362319998,DFI,DeFiChain
1673723677362319999,HOT,Holo
1673723677362320000,ROSE,Oasis Network
1673723677362320001,XEM,NEM
1673723677362320003,EURT,Euro Tether
1673723677362320004,BABYDOGE,Baby Doge Coin
1673723677362320005,ZEC,Zcash
1673723677362320006,FLOKI,FLOKI
1673723677362320007,QTUM,Qtum
1673723677362320009,DCR,Decred
1673723677362320011,KSM,Kusama
1673723677362320012,RVN,Ravencoin
1673723677362320013,SXP,SXP
1673723677362320014,TFUEL,Theta Fuel
1673723677362320015,CELO,Celo
1673723677362320017,ENS,Ethereum Name Service
1673723677362320019,COMP,Compound
1673723677362320020,ETHW,EthereumPoW
1673723677362320021,FET,Fetch.ai
1673723677362320022,RON,Ronin
1673723677362320025,YFI,yearn.finance
1673723677362320026,GMT,STEPN
1673723677362320027,JASMY,JasmyCoin
1673723677362320028,ASTR,Astar
1673723677362320029,BAL,Balancer
1673723677362320030,ICX,ICON
1673723677362320031,AUDIO,Audius
1673723677362320032,JST,JUST
1673723677362320033,WEMIX,WEMIX
1673723677362320035,HNT,Helium
1673723677362320037,LUNA,Terra
1673723677362320038,IOTX,IoTeX
1673723677362320039,BONE,Bone ShibaSwap
1673723677362320040,GLM,Golem
1673723677362320041,GLMR,Moonbeam
1673723677362320042,ANKR,Ankr Network
1673723677362320045,MAGIC,Magic
1673723677362320046,OMI,ECOMI
1673723677362320047,SFP,SafePal
1673723677362320048,ZRX,0x Protocol
1673723677362320049,ONT,Ontology
1673723677362320052,OCEAN,Ocean Protocol
1673723677362320053,IOST,IOST
1673723677362320054,BAND,Band Protocol
1673723677362320055,DAO,DAO Maker
1673723677362320056,WAXP,WAX
1673723677362320057,WAVES,Waves
1673723677362320058,SC,Siacoin
1673723677362320062,AKT,Akash Network
1673723677362320063,ONE,Harmony
1673723677362320065,TRIBE,Tribe
1673723677362320066,EDU,Open Campus
1673723677362320067,BORA,BORA
1673723677362320069,BICO,Biconomy
1673723677362320070,VIC,Viction
1673723677362320071,ORDI,ORDI
1673723677362320072,KDA,Kadena
1673723677362320073,WBETH,Wrapped Beacon ETH
1673723677362320074,GNS,Gains Network
1673723677362320075,SSV,SSV Network
1673723677362320076,FLUX,Flux
1673723677362320077,CORE,Core
1673723677362320078,KUB,Bitkub Coin
1673723677362320079,AXL,Axelar
1673723677362320080,ELF,aelf
1673723677362320083,EWT,Energy Web
1673723677362320084,STG,Stargate Finance
1673723677362320085,SUSHI,Sushi
1673723677362320086,USTC,TerraClassicUSD
1673723677362320087,SYN,Synapse
1673723677362320089,AMP,Amp
1673723677362320090,LPT,Livepeer
1673723677362320091,SKL,SKALE
1673723677362320092,HIVE,Hive
1673723677362320093,UMA,UMA
1673723677362320094,JOE,JOE
1673723677362320095,ACS,Access Protocol
1673723677362320096,RSR,Reserve Rights
1673723677362320098,LSK,Lisk
1673723677362320101,DGB,DigiByte
1673723677362320102,EVER,Everscale
1673723677362320104,ACH,Alchemy Pay
1673723677362320105,MSOL,Marinade staked SOL
1673723677362320107,DAG,Constellation
1673723677362320108,MLK,MiL.k Alliance
1673723677362320109,BRISE,Bitgert
1673723677362320110,SFM,SafeMoon
1673723677362320111,DESO,Decentralized Social
1673723677362320112,VVS,VVS Finance
1673723677362320113,TEL,Telcoin
1673723677362320114,CTSI,Cartesi
1673723677362320115,NYM,Nym
1673723677362320117,TRAC,OriginTrail
1673723677362320119,ALPHA,Stella
1673723677362320121,RLC,iExec RLC
1673723677362320122,CKB,Nervos Network
1673723677362320123,KNC,Kyber Network Crystal
1673723677362320124,ZEN,Horizen
1673723677362320125,ELON,Dogelon Mars
1673723677362320126,NFT,APENFT
1673723677362320128,WILD,Wilder World
1673723677362320129,FX,Function X
1673723677362320130,SYS,Syscoin
1673723677362320131,CWEB,Coinweb
1673723677362320132,POLYX,Polymesh
1673723677362320133,RAD,Radworks
1673723677362320134,XNO,Nano
1673723677362320135,RIF,RSK Infrastructure Framework
1673723677362320136,PUNDIX,Pundi X
1673723677362320138,ERG,Ergo
1673723677362320140,ID,SPACE ID
1673723677362320141,API3,API3
1673723677362320142,METIS,Metis
1673723677362320143,MTL,Metal DAO
1673723677362320144,SNT,Status
1673723677362320145,PROM,Prom
1673723677362320150,CELR,Celer Network
1673723677362320153,NRV,Nerve Finance
1673723677362320157,OMG,OMG Network
1673723677362320159,LQTY,Liquity
1673723677362320164,DKA,dKargo
1673723677362320166,NMR,Numeraire
1673723677362320167,DEXE,DeXe
1673723677362320170,SCRT,Secret
1673723677362320172,LINA,Linear
1673723677362320173,PYR,Vulcan Forged
1673723677362320174,ALI,Artificial Liquid Intelligence
1673723677362320176,STEEM,Steem
1673723677362320177,MED,Medibloc
1673723677362320178,CQT,Covalent
1673723677362320179,C98,Coin98
1673723677362320180,SHR,Share
1673723677362320182,PCX,ChainX
1673723677362320184,RDNT,Radiant Capital
1673723677362320185,AWE,AWE Network
1673723677362320186,CHR,Chromia
1673723677362320187,ORBS,Orbs
1673723677362320189,IQ,IQ
1673723677362320190,WCFG,Wrapped Centrifuge
1673723677362320191,CFG,Centrifuge
1673723677362320193,ALICE,My Neighbor Alice
1673723677362320195,MULTI,Multichain
1673723677362320196,DENT,Dent
1673723677362320197,WNXM,Wrapped NXM
1673723677362320198,SLP,Smooth Love Potion
1673723677362320200,MVL,MVL
1673723677362320201,HEART,Humans.ai
1673723677362320203,COMBO,COMBO
1673723677362320204,SGB,Songbird
1673723677362320207,VTHO,VeThor
1673723677362320209,ARDR,Ardor
1673723677362320210,STRAX,Stratis
1673723677362320211,HFT,Hashflow
1673723677362320213,WIN,WINkLink
1673723677362320214,10SET,Tenset
1673723677362320215,PEOPLE,ConstitutionDAO
1673723677362320216,MBOX,Mobox
1673723677362320217,PHA,Phala
1673723677362320218,POND,Marlin
1673723677362320220,GTC,Gitcoin
1673723677362320221,CVC,Civic
1673723677362320222,BFC,Bifrost
1673723677362320223,GEL,Gelato
1673723677362320224,REQ,Request
1673723677362320226,CANTO,CANTO
1673723677362320228,BNT,Bancor Network
1673723677362320229,GAL,Galxe
1673723677362320230,NKN,NKN
1673723677362320231,POWR,Power Ledger
1673723677362320232,CTK,Shentu
1673723677362320234,COTI,COTI
1673723677362320237,REN,REN
1673723677362320238,TLOS,Telos
1673723677362320240,SPELL,Spell
1673723677362320241,EURC,Euro Coin
1673723677362320242,PENDLE,Pendle
1673723677362320243,XVS,Venus
1673723677362320244,QKC,QuarkChain
1673723677362320245,SUN,Sun Token
1673723677362320246,CTC,Creditcoin
1673723677362320247,POKT,Pocket Network
1673723677362320249,DEXT,DexTools
1673723677362320251,HOOK,Hooked Protocol
1673723677362320255,KEEP,Keep Network
1673723677362320257,ALEX,ALEX Lab
1673723677362320258,UOS,Ultra
1673723677362320260,QANX,QANplatform
1673723677362320261,CEL,Celsius Network
1673723677362320262,CEEK,CEEK Smart VR
1673723677362320264,ARPA,ARPA
1673723677362320266,BOBA,Boba Network
1673723677362320267,ARRR,Pirate Chain
1673723677362320268,MBX,Marblex
1673723677362320269,GHST,Aavegotchi
1673723677362320271,DUSK,DUSK Network
1673723677362320274,VRA,Verasity
1673723677362320278,SUSD,sUSD
1673723677362320279,WMT,World Mobile Token
1673723677362320281,SUPER,SuperVerse
1673723677362320283,RSS3,RSS3
1673723677362320285,XYO,XYO Network
1673723677362320286,NXRA,AllianceBlock Nexera
1673723677362320289,ZIG,Zignaly
1673723677362320290,RARE,SuperRare
1673723677362320293,TRU,TrueFi
1673723677362320295,KILT,KILT Protocol
1673723677362320296,VR,Victoria VR
1673723677362320297,RLY,Rally
1673723677362320299,GMT,Gomining Token
1673723677362320300,BADGER,Badger DAO
1673723677362320301,SOLO,Sologenic
1673723677362320302,IDEX,IDEX
1673723677362320303,FUN,FUNToken
1673723677362320305,AERGO,Aergo
1673723677362320306,MBL,MovieBloc
1673723677362320307,LCX,LCX
1673723677362320310,ARK,ARK
1673723677362320311,PRIME,Echelon Prime
1673723677362320314,CBK,Cobak
1673723677362320315,ZCX,Unizen
1673723677362320316,DODO,DODO
1673723677362320318,TLM,Alien Worlds
1673723677362320319,REP,Augur
1673723677362320320,STMX,StormX
1673723677362320323,WRX,WazirX
1673723677362320324,MOVR,Moonriver
1673723677362320325,SFUND,Seedify.fund
1673723677362320327,BMEX,BitMEX
1673723677362320328,RACA,Radio Caca
1673723677362320329,KEY,SelfKey
1673723677362320330,RAY,Raydium
1673723677362320332,OGN,Origin Protocol
1673723677362320336,REEF,Reef
1673723677362320338,DIONE,Dione
1673723677362320339,ATA,Automata
1673723677362320342,FEI,Fei USD
1673723677362320343,BEL,Bella Protocol
1673723677362320346,WAN,Wanchain
1673723677362320347,MTRG,Meter Governance
1673723677362320349,GAFI,GameFi
1673723677362320351,VGX,Voyager VGX
1673723677362320352,FINE,Refinable
1673723677362320353,AGLD,Adventure Gold
1673723677362320354,VLX,Velas
1673723677362320358,TPT,TokenPocket Token
1673723677362320359,LAT,PlatON Network
1673723677362320360,QUACK,Rich Quack
1673723677362320361,LADYS,Milady Meme Coin
1673723677362320363,STORJ,Storj
1673723677362320386,TRX,TRON
1685599799167254531,MNT,Mantle
1685599799167254532,WLD,Worldcoin
1685599799167254533,UNIBOT,Unibot
1685599799167254534,ARKM,Arkham
1685599799167254536,BITCOIN,HarryPotterObamaSonic10Inu (ETH)
1685599799167254538,SDEX,SmarDex
1685599799167254539,MAV,Maverick Protocol
1685599799167254540,XVG,Verge
1685599799167254544,XCAD,XCAD Network
1685599799167254545,ACA,Acala
1685599799167254546,EUL,Euler
1685599799167254547,KIN,Kin
1685599799167254548,XPRT,Persistence
1685599799167254549,LEASH,Doge Killer
1685599799167254550,AUCTION,Bounce
1685599799167254553,RFR,Refereum
1685599799167254555,TT,ThunderCore
1685599799167254559,SWEAT,Sweatcoin (Sweat Economy)
1685599799167254561,GAS,Gas
1685599799167254563,ROUTE,Router Protocol
1685599799167254564,GODS,Gods Unchained
1685599799167254568,PERP,Perpetual Protocol
1685599799167254570,WAGMIGAMES,WAGMI Games
1685599799167254573,DNX,Dynex
1685599799167254574,YGG,Yield Guild Games
1685599799167254576,SRM,Serum
1685599799167254577,PLU,Pluton
1685599799167254581,HIFI,Hifi Finance
1685599799167254582,FLM,Flamingo Finance
1685599799167254583,POLS,Polkastarter
1685599799167254584,IRIS,IRISnet
1685599799167254586,BSW,Biswap
1685599799167254590,TRB,Tellor Tributes
1685599799167254594,FORT,Forta
1685599799167254595,UTK,xMoeny
1685599799167254596,CTXC,Cortex
1685599799167254598,YFII,DFI.money
1685599799167254599,OXT,Orchid Protocol
1685599799167254600,ERN,Ethernity Chain
1685599799167254601,ATOR,AirTor Protocol
1685599799167254602,LOOKS,LooksRare
1685599799167254604,AVA,Travala.com
1685599799167254605,MDT,Measurable Data
1685599799167254606,ALU,Altura
1685599799167254610,DIA,DIA
1685599799167254615,ADS,Adshares
1685599799167254618,BOND,BarnBridge
1685599799167254619,SN,SpaceN
1685599799167254620,KP3R,Keep3rV1
1685599799167254621,LOKA,League of Kingdoms
1685599799167254622,FORTH,Ampleforth Governance
1685599799167254624,LTO,LTO Network
1685599799167254627,BIFI,Beefy
1685599799167254628,MLN,Enzyme
1685599799167254629,BAKE,BakerySwap
1685599799167254630,AQT,Alpha Quark
1685599799167254631,PROPC,Propchain
1685599799167254632,NAKA,Nakamoto Games
1685599799167254633,BTS,BitShares
1685599799167254634,XCN,Onyxcoin
1685599799167254635,ALCX,Alchemix
1685599799167254637,PHB,Phoenix
1685599799167254641,AMPL,Ampleforth
1685599799167254642,ELA,Elastos
1685599799167254644,NVIR,NvirWorld
1685599799167254647,QUICK,Quickswap
1685599799167254652,BAR,FC Barcelona Fan Token
1685599799167254653,DOME,Everdome
1685599799167254654,THALES,Thales
1685599799167254655,KLV,Klever
1685599799167254657,AURORA,Aurora
1685599799167254658,TROY,TROY
1685599799167254659,HERO,Metahero
1685599799167254661,QTCON,Quiztok
1685599799167254662,REI,REI Network
1685599799167254663,QI,BENQI
1685599799167254664,GFI,Goldfinch
1685599799167254666,FLUID,Fluid
1685599799167254668,VAI,Vaiot
1685599799167254671,DNT,district0x
1685599799167254675,VNO,Veno Finance
1685599799167254676,SD,Stader
1685599799167254677,ALPINE,Alpine F1 Team Fan Token
1685599799167254678,CITY,Manchester City Fan Token
1685599799167254680,UFO,UFO Gaming
1685599799167254681,COS,Contentos
1685599799167254682,BLZ,Bluzelle
1685599799167254683,CLV,Clover Finance
1685599799167254684,ALPACA,Alpaca Finance
1685599799167254686,SAITO,Saito
1685599799167254687,KAI,KardiaChain
1685599799167254690,GOG,Guild of Guardians
1685599799167254693,UNFI,Unifi Protocol DAO
1685599799167254696,TALK,Talken
1685599799167254699,NULS,Nuls
1685599799167254701,HELLO,HELLO
1685599799167254702,PRO,Propy
1685599799167254704,MXC,MXC
1685599799167254706,KISHU,Kishu Inu
1685599799167254707,ORCA,Orca
1685599799167254709,PSP,ParaSwap
1685599799167254711,ADX,Ambire AdEx
1685599799167254712,AST,AirSwap
1685599799167254714,MNGO,Mango
1685599799167254716,GMM,Gamium
1685599799167254719,OPUL,Opulous
1685599799167254722,CAPS,Ternoa
1685599799167254727,DATA,Streamr
1685599799167254728,ATLAS,Star Atlas
1685599799167254729,CHESS,Tranchess
1685599799167254730,VELO,Velo
1685599799167254735,CRU,Crust Network
1685599799167254739,TKO,Tokocrypto
1685599799167254743,POLIS,Star Atlas DAO
1685599799167254746,PSG,Paris Saint-Germain Fan Token
1685599799167254749,DF,dForce
1685599799167254752,LEVER,LeverFi
1685599799167254753,WING,Wing Finance
1685599799167254754,BZZ,Swarm
1685599799167254755,HOPR,HOPR
1685599799167254756,AIDOGE,ArbDoge AI
1685599799167254761,XPR,Proton
1685599799167254767,LAZIO,Lazio Fan Token
1685599799167254769,HARD,Kava Lend
1685599799167254772,FARM,Harvest Finance
1685599799167254774,AE,Aeternity
1685599799167254776,VELO,Velodrome Finance
1685599799167254777,PNK,Kleros
1685599799167254782,VOXEL,Voxies
1685599799167254784,OM,MANTRA
1685599799167254786,HAI,Hacken
1685599799167254788,NCT,PolySwarm
1685599799167254792,SDN,Shiden Network
1685599799167254794,MCADE,Metacade
1685599799167254800,TDROP,ThetaDrop
1685599799167254803,SANTOS,Santos FC Fan Token
1685599799167254804,FIS,Stafi
1685599799167254809,GRV,GroveCoin
1685599799167254810,BOSON,Boson Protocol
1685599799167254812,LBR,Lybra Finance
1685599799167254814,PIP,PIP
1685599799167254815,KOIN,Koinos
1685599799167254817,OG,OG Fan Token
1685599799167254818,FIO,FIO Protocol
1685599799167254819,VOLT,Volt Inu
1685599799167254820,CEUR,Celo Euro
1685599799167254824,HYDRA,Hydra
1685599799167254827,SAMO,Samoyedcoin
1685599799167254829,BONK,Bonk
1685599799167254831,TENET,TENET
1685599799167254832,DC,Dogechain
1685599799167254834,COVAL,Circuits of Value
1685599799167254836,SHDW,Shadow Token
1685599799167254839,ALEPH,Aleph.im
1685599799167254840,XEN,XEN Crypto
1685599799167254846,PTS,Petals
1685599799167254853,ASTO,Altered State Machine
1685599799167254854,GFT,Gifto
1685599799167254855,OVR,Ovr
1685599799167254862,STOS,Stratos
1685599799167254863,CERE,Cere Network
1685599799167254866,AIOZ,AIOZ Network
1685599799167254873,NUM,NUM Token
1685599799167254874,HEGIC,Hegic
1685599799167254875,FIDA,Bonfida
1685599799167254876,GRAIL,Camelot Token
1685599799167254880,RIDE,holoride
1685599799167254883,CULT,Cult DAO
1685599799167254884,FUSE,Fuse
1685599799167254886,RARI,Rarible
1685599799167254887,SLND,Solend
1685599799167254889,ACX,Across Protocol
1685599799167254890,ACM,AC Milan Fan Token
1685599799167254893,APX,ApolloX
1685599799167254897,AFC,Arsenal Fan Token
1685599799167254898,SOUL,Phantasma
1685599799167254901,HTR,Hathor
1685599799167254902,GQ,Galactic Quadrant
1685599799167254906,TIME,chrono.tech
1685599799167254907,MATH,MATH
1685599799167254909,BURGER,BurgerCities
1685599799167254911,SOV,Sovryn
1685599799167254915,DMTR,Dimitra
1685599799167254916,XETA,XANA
1685599799167254917,ISK,ISKRA Token
1685599799167254920,MNDE,Marinade
1685599799167254921,MDAO,MarsDAO
1685599799167254922,UNDEAD,Undead Blocks
1685599799167254924,ORAI,Oraichain
1685599799167254931,POOLX,Poolz Finance
1685599799167254932,CRTS,Cratos
1685599799167254939,CHO,Choise.com
1685599799167254940,BUY,Buying.com
1685599799167254942,OCT,Octopus Network
1685599799167254943,SWFTC,SWFTCOIN
1685599799167254950,FOR,ForTube
1685599799167254951,SPS,Splintershards
1685599799167254960,LON,Tokenlon
1685599799167254962,SHI,Shirtum
1685599799167254963,COW,CoW Protocol
1685599799167254965,ALPH,Alephium
1685599799167254969,JUV,Juventus Fan Token
1685599799167254970,TAMA,Tamadoge
1685599799167254971,CHEQ,CHEQD Network
1685599799167254972,CREAM,Cream
1685599799167254973,NIM,Nimiq
1685599799167254978,AGI,Delysium
1685599799167254982,FOX,ShapeShift FOX
1685599799167254983,DIMO,DIMO
1685599799167254984,PSTAKE,pSTAKE Finance
1685599799167254990,UNCX,UNCX Network
1685599799167254991,TRAC,TRAC (Ordinals)
1685599799167254998,PUSH,Push Protocol
1685599799167255001,HNS,Handshake
1685599799167255003,INV,Inverse Finance
1685599799167255005,AVT,Aventus
1685599799167255009,PBX,Paribus
1685599799167255011,TOKE,Tokemak
1685599799167255014,ATM,Atletico Madrid Fan Token
1685599799167255015,CPOOL,Clearpool
1685599799167255016,SIS,Symbiosis
1685599799167255017,MIX,MixMarvel
1685599799167255021,OAX,OAX
1685599799167255024,CATE,CateCoin
1685599799167255031,KRL,KRYLL
1685599799167255032,PNT,pNetwork
1685599799167255035,VIB,Viberate
1685599799167255036,ABT,Arcblock
1685599799167255038,IMPT,IMPT
1685599799167255040,DEGO,Dego Finance
1685599799167255041,BSCPAD,BSCPAD
1685599799167255047,PROS,Prosper
1685599799167255048,WOJAK,Wojak
1685599799167255049,INDEX,Index Cooperative
1685599799167255058,SWASH,Swash
1685599799167255059,WXT,WXT Token
1685599799167255060,NWC,Newscrypto Coin
1685599799167255061,QSP,Quantstamp
1685599799167255062,LSS,Lossless
1685599799167255069,STARL,StarLink
1685599799167255070,APEX,ApeX
1685599799167255072,SPA,Sperax
1685599799167255073,ALD,Aladdin DAO
1685599799167255077,SIDUS,Sidus
1685599799167255078,TRA,Trabzonspor Fan Token
1685599799167255086,SUDO,sudoswap
1685599799167255087,TURBO,Turbo
1685599799167255089,BEPRO,BEPRO Network
1685599799167255093,MMPRO,Market Making Pro
1685599799167255095,TET,Tectum
1685599799167255098,GEAR,Gearbox
1685599799167255100,MAN,Matrix AI Network
1685599799167255102,FYN,Affyn
1685599799167255106,PDEX,Polkadex
1685599799167255109,RAI,Rai Reflex Index
1685599799167255119,INTER,Inter Milan Fan Token
1685599799167255126,AURA,Aura Network
1685599799167255128,VINU,Vita Inu
1685599799167255130,GRND,SuperWalk
1685599799167255131,KAR,Karura
1685599799167255140,GZONE,GameZone
1685599799167255142,MCRT,MagicCraft
1685599799167255146,XAVA,Avalaunch
1685599799167255147,BRN,BRN Metaverse
1685599799167255153,DINO,DinoLFG
1685599799167255154,DOG,The Doge NFT
1685599799167255158,SHFT,Shyft Network
1685599799167255165,GARI,Gari Network
1685599799167255166,ASR,AS Roma Fan Token
1685599799167255172,DBC,DeepBrain Chain
1685599799167255176,DEP,DEAPCOIN
1685599799167255179,HAPI,HAPI
1685599799167255187,SYLO,Sylo
1685599799167255191,CGPT,ChainGPT
1685599799167255193,RFD,Refund
1685599799167255197,MTV,MultiVAC
1685599799167255200,OOE,OpenOcean
1685599799167255202,DORA,Dora Factory
1685599799167255203,DAFI,Dafi Protocol
1685599799167255205,CELL,Cellframe
1685599799167255209,SUKU,SUKU
1685599799167255212,FITFI,Step App
1685599799167255213,MUSE,Muse DAO
1685599799167255214,TORN,Tornado Cash
1685599799167255216,RBX,RabbitX
1685599799167255219,NAP,Napoli Fan Token
1685599799167255221,CSIX,Carbon Browser
1685599799167255225,CTX,Cryptex Finance
1685599799167255227,THE,Thena
1685599799167255235,SMT,Swarm Markets
1685599799167255240,RADAR,DappRadar
1685599799167255248,RJV,Rejuve.AI
1685599799167255252,MIR,Mirror Protocol
1685599799167255255,MV,GensoKishi Metaverse
1685599799167255256,LAI,LayerAI
1685599799167255260,GO,GoChain
1685599799167255262,LOOT,LootBot
1685599799167255264,EPIK,Epik Prime
1685599799167255273,BLOCK,Blockasset
1685599799167255274,TRVL,TRVL
1685599799167255280,DFYN,Dfyn Network
1685599799167255284,PNG,Pangolin
1685599799167255295,GRIN,Grin
1685599799167255302,ERN,Ethos Reserve Note
1685599799167255309,MARSH,Unmarshal
1685599799167255310,ASK,Permission Coin
1685599799167255311,DARK,Dark Frontiers
1685599799167255312,TARA,Taraxa
1685599799167255313,WSI,WeSendit
1685599799167255315,KASTA,Kasta
1685599799167255327,WLKN,Walken
1685599799167255331,EDEN,EDEN
1685599799167255337,WALLET,Ambire Wallet
1685599799167255338,MOOV,dotmoovs
1685599799167255347,OXY,Oxygen
1685599799167255350,UNO,Uno Re
1685599799167255354,K21,K21
1685599799167255357,SLIM,Solanium
1685599799167255359,ADP,Adappter
1685599799167255363,MOBI,Mobius
1685599799167255367,PAW,PAWSWAP
1685599799167255368,BOA,BOSagora
1685599799167255375,BNC,Bifrost Native Coin
1685599799167255376,BDT,BlackDragon
1685599799167255380,IGU,IguVerse IGU
1685599799167255385,SKEB,Skeb
1685599799167255387,CHAIN,Chain Games
1685599799167255389,GHX,GamerCoin
1685599799167255406,XPNET,XP Network
1685599799167255408,RING,Darwinia Network
1685599799167255410,SHILL,SHILL Token
1685599799167255414,NCDT,Nuco.Cloud
1685599799167255425,PRISM,Prism
1685599799167255434,POLK,Polkamarkets
1685599799167255438,GOVI,CVI
1685599799167255440,SERO,SERO
1685599799167255441,UMB,Umbrella Network
1685599799167255442,POLYDOGE,PolyDoge
1685599799167255443,STEP,Step Finance
1685599799167255446,WOM,Wombat Exchange
1685599799167255459,NBT,NanoByte
1685599799167255463,SHX,Stronghold
1685599799167255474,WELL,Moonwell
1685599799167255475,WAMPL,Wrapped Ampleforth
1685599799167255480,ROCO,Roco Finance
1685599799167255483,PI,Plian
1685599799167255491,00,00 Token
1685599799167255493,DOP,Drops Ownership Power
1685599799167255496,AIR,Altair
1685599799167255518,DOSE,DOSE
1685599799167255522,DHB,DeHub
1685599799167255529,USDP,USDP Stablecoin
1685599799167255530,GMEE,GAMEE
1685599799167255531,BTCST,BTC Standard Hashrate Token
1685599799167255534,CIRUS,Cirus
1730846864517042178,MEME,Memecoin
1730846864521236481,LYX,LUKSO
1730846864525430786,BEAM,Beam
1730846864525430787,SEI,Sei
1730846864529625089,FTN,Fasttoken
1730846864529625091,CBETH,Coinbase Wrapped Staked ETH
1730847003428196354,CRVUSD,crvUSD
1730847003432390659,LOOM,Loom Network (NEW)
1730847003432390660,PYUSD,PayPal USD
1730847003436584961,ONG,Ontology Gas
1730847151621345281,PAAL,PAAL AI
1730847151625539586,MYRIA,Myria
1730847151625539587,FLIP,Chainflip
1730847151629733890,ZEPH,Zephyr Protocol
1730847151629733892,ULTIMA,Ultima
1730847291425886209,OAS,Oasys
1730847291430080514,CYBER,CyberConnect
1730847291434274817,VRTX,Vertex Protocol
1730847291434274818,POL,POL (ex-MATIC)
1730847291434274819,CLORE,Clore.ai
1730847442831872001,BANANA,Banana Gun
1730847442836066305,WSM,Wall Street Memes
1730847442840260612,BIGTIME,Big Time
1730847612629880835,TOKEN,TokenFi
1730847921913663490,MYRO,Myro
1731965907046334465,FDUSD,First Digital USD
1732681476264366082,MPLX,Metaplex
1732681674768191490,HONEY,Hivemapper
1732682072635674626,TOSHI,Toshi
1732682264843849730,MOG,Mog Coin
1732682468091432961,WNT,Wicrypt
1734026010116374529,JTO,Jito
1734027392131153922,MUSIC,Gala Music
1734027392131153924,HOLD,Holdstation
1736439700283342849,PYTH,Pyth Network
1736440025874579457,COQ,Coq Inu
1736440351436455939,NEON,Neon
1736440720602316804,NODL,Nodle Network
1736441263705964548,AERO,Aerodrome Finance
1736611488521986050,MOBILE,Helium Mobile
1736668121113501698,TAO,Bittensor
1737716559041945601,WIFI,WiFi Map
1738976569143476226,WIF,dogwifhat
1738976569143476227,MUBI,Multibit
1738976729881788417,XPLA,XPLA
1738977815019536386,POPCAT,Popcat
1738978001070473218,GEOD,Geodnet
1739853234366259201,SATS,SATS (Ordinals) 
1739890875493195777,TIA,Celestia
1739912101074771969,RATS,Rats
1742422936259813378,NFP,NFPrompt
1742430748893405186,CETUS,Cetus Protocol
1742792996014940161,1 CAT,Bitcoin Cats
1742831310154964994,SUIP,SuiPad
1742845591492386818,TURBOS,Turbos Finance
1742853440868081666,SPT,SeaPad
1744051651406610434,AITECH,Solidus Ai Tech
1744188158485405698,HORD,Hord
1744623567569575937,DYM,Dymension 
1744933678896062465,XAI,Xai
1744942271809347586,RSC,ResearchCoin
1745767512063549441,AI,Sleepless AI 
1747088812711288834,MANTA,Manta Network
1747510294885113857,VANRY,Vanar Chain
1747836477468991489,ALT,AltLayer
1747877485162422273,ONDO,Ondo Finance
1748212577080598530,XPET,xPet.tech
1749123276715999233,T,Threshold Network
1749123276720193537,NTRN,Neutron
1749124881385406465,BRWL,Blockchain Brawlers
1750354343673405441,SAVM,SatoshiVM
1751660503379623939,TRUMP,MAGA
1751661439556665345,ARTY,Artyfact
1751802697364217857,WEN,Wen
1751808228544634882,JUP,Jupiter
1752569198698504194,DMAIL,Dmail Network
1752922234667081730,DEFI,De.Fi
1753246533051424770,ZETA,ZetaChain
1754002369147985921,PORK,PepeFork
1754198298119782402,PONKE,PONKE
1754198298119782403,SAROS,Saros
1756735244146720770,GTAI,GT-Protocol
1759062185636995073,PIXEL,Pixels
1759270471545012226,COMAI,Commune AI
1759271372196298754,FAR,FARCANA
1759780731976048641,STRK,Starknet
1759793296709197825,MAVIA,Heroes of Mavia
1760500337862664194,SLN,Smart Layer Network
1761806860891340801,NOS,Nosana
1761808053675900929,VARA,Vara Network
1761973848191950850,PORTAL,Portal
1764343566077149185,CHEEL,Cheelee
1764344409631375362,AXGT,AxonDAO Governance Token
1765577481839390722,AEUR,Anchored Coins EUR
1765678665078824962,ACE,Fusionist
1765687513806168066,SPURS,Tottenham Hotspur FC Fan Token
1765980602847666177,GOAL,TopGoal
1765998058958643202,SEAM,Seamless Protocol
1767835460502769669,DUEL,GameGPT
1767857532889153538,AEVO ,Aevo
1768156277778366465,USDE,Ethena USDe
1768979190978920450,BOME,BOOK OF MEME
1769418764532273155,GUI,Gui Inu
1769670913929461762,SLERF,Slerf
1769692084892811266,ETHFI,Ether.fi
1771954314313158657,VIRTUAL,Virtuals Protocol
1771954697869676545,PENG,Peng
1771954697873870849,FLT,Fluence
1771955285789462529,PORT3,Port3 Network
1771956125761753091,NAVX,NAVI Protocol
1774490489867423745,BRETT,Brett
1774490489871618050,MEW,cat in a dogs world
1774490689302384641,BODEN,Jeo Boden
1774665535210733570,DEGEN,Degen
1775026414766739458, HMX,HMX
1775072922459398146,ENA,Ethena
1775364558229946370,W,Wormhole
1777028363309502466,DOGINME,doginme
1777196569135370242,ZEUS,Zeus Network
1777316758162198530,SAGA,Saga
1777356399594782721,TNSR,Tensor
1778018954457600003,FTT,FTX
1778018954461794305,HIGH,Highstreet
1778018954461794307,BNX,BinaryX
1778018954465988609,ROOT,The Root Network
1778316604935589890,FOXY,Foxy
1780522413346078722,PRCL,Parcl
1780825674091413505,MERL,Merlin Chain
1782100776053329922,PCI,Paycoin
1782100776057524225,OMNI,Omni Network
1782102901365886979,FIRE,Matr1x Fire
1782608684893683713,KARRAT,Karrat
1782693686176075777,SAFE,Safe
1783079617622261762,ZKJ,Polyhedra Network
1783385747690835970,METH,Mantle Staked Ether
1784637307905331202,VENOM,Venom
1784637652001837060,APU,Apu Apustaja
1784638006655406081,MFER,mfercoin
1784638557585625090,MUMU,MUMU THE BULL
1784639145295695873,WUF,WUFFI
1784639540063588354,KOKO,KOALA AI
1784784900170006529,RSIC,RSIC•GENESIS•RUNE
1784787196501114881, MSN,Meson Network
1784816572726853634, LOBO,LOBO•THE•WOLF•PUP
1785256507183157250,REZ,Renzo
1787174567783649282,ZENT,Zentry
1787174752609849346,KMNO,Kamino
1787174752609849347,MANEKI,MANEKI
1787175316861177857,TREMP,Doland Tremp
1787175703882190851,SCA,Scallop-Sui
1787744573084880898,ZERO,ZeroLend
1789712435274010625,TAI,TARS Protocol
1789960757201031169,BB,BounceBit
1790582693878906882,NOT,Notcoin
1790602710095839234, SC,Shark Cat
1791378352114581505,LFT,Lifeform
1792248000385077249,SPEC,Spectral
1792248214625931266,DRIFT,Drift Protocol
1792248775697977347,GME,GME
1793564063525720066,MAGA,MAGA Hat
1794351716256927746,SPX,SPX6900
1794351716294676483,BOBO,BOBO
1794353131444457475,MASA,Masa
1794356097274564612,MICHI,michi
1794356097278758916,$BEER,BEER
1794357886434627588,KEYCAT,Keyboard Cat
1794786098776068098,NYAN,Nyan Heroes
1794786493741092865,CTA,Cross The Ages
1795130973828632578,DUKO,Duko
1795656165864849410,LISTA,Lista DAO
1796159666684383234,MON,MON Protocol
1796342198382055427,BENDOG,Ben the Dog
1796405821993340930,ULTI ,Ultiverse
1797321862047027201,APRS,Apeiron
1797861567780175873,UP,Ton UP
1798228706210828289,WHY,WHY
1798553890788818946,TAIKO,Taiko
1798644502087155714,ELIX,Elixir Games
1799858184389349378,PURR,Purr
1800384152216489985,SQD,Subsquid
1800441214342610945,GALAXIS,GALAXIS Token
1800443881328431106,NLK,NuLink
1800466778033967105,HTX,HTX DAO
1800525498285772802,IO,Ionet
1800755647832870913,PBUX,Playbux
1800771587748478978,ESE,Eesee
1800853043820580866,ATH,Aethir
1801172878945374210,PIRATE,Pirate Nation
1802611462445547522,ZK,zkSync
1803106888223248385,BILLY,BILLY
1803731805876736001,ZRO,LayerZero
1805806092657840130,BLAST,Blast
1808542340744957953,KAMA,Kamala Horris
1810182655021236226,SVL,Slash Vision Labs
1811439276334469122,MOCA,Moca Coin
1811499632108982273,AIX,AlienX
1812542902297645057,HFUN,Hypurr Fun
1812888746762915843,CXT,Covalent X Token
1813251175313264642,FIGHT,Fight to MAGA
1813554773528104962,A8,Ancient8
1813815798320025602,UXLINK,UXLINK
1813921702700863490,MIGGLES,Mister Miggles
1814158676758056961,G,Gravity
1815079101834940417,CLOUD,Cloud
1815219453711568898,PIXFI,Pixelverse
1815947612149071873,AVAIL,Avail
1816938500383789057,$TIME,TIME
1817258521068912641,L3,Layer3
1817602447109738497,NEIRO,First Neiro on Ethereum
1817616355237253121,ZKL,zkLink
1818084377945133058,LRDS,BLOCKLORDS
1818324561089482754,NEIRO,Neiro on ETH
1819949343417647106,MAX,Matr1x
1820151835547881473,DEUSD,Elixir deUSD
1820862512046493698,XUSD,StraitsX USD
1825225500085932034,SUNDOG,Sundog
1827505059183415300,DOGE,Department Of Government Efficiency
1827761951323410434,CAT,Simon's Cat
1827939306885296129,DOGS,Dogs
1827961186610143234,ORDER,Orderly Network
1829256579818147841,RFRM,Reform
1829446257832890369,SLF,Self Chain
1830300697365270530,SPARKLET,Upland
1834493974360829953,FB,Fractal Bitcoin
1837096580868018177,CATI,Catizen
1837104424321355777,SERSH,Serenity Shield
1837910175887609858,BBSOL,Bybit Staked SOL
1838195509183598594,TERMINUS,First City in Mars
1838476992481681409,HMSTR,Hamster Kombat
1838481890461184002,WAT,WATCoin
1838496011226013698,MAK ,MetaCene
1838805265871220738, LOGX,LogX Network
1838980666316509185,MOODENG,MOO DENG
1840686570145533954,EIGEN,Eigenlayer
1840737489142894594,UNIO,Unio Coin
1842981814807515138,ALEO,ALEO
1842982253619793921,HIPPO,Sudeng
1842982959412105218,RBTC,RabBitcoin
1842983200307761153,EGP,Eigenpie
1842983694140919809,CHEEMS,Cheems Token
1843514766687686658,DAPP,Pencils Protocol
1843863368987783170,CATS,CATS
1844240771043774466,CARV,CARV
1844754749731069953,SCR,Scroll 
1845506759320096770,GOAT,Goatseus Maximus
1845867395711455233,PUFFER,Puffer Finance
1846068908245213186,DEEP,DeepBook
1848055894946566146,GNON,Numogram
1848056118632992770,DBR,deBridge
1848528721042690049,LUNA,Luna by Virtuals
1850159228742488065,GAME,GAME by Virtuals
1850592880756477955,CROS,Cros
1850593129176715267,AI16Z,ai16z
1850593376107974657,FARTCOIN,Fartcoin
1850594113365954563,ACT,Act I The AI Prophecy
1850594612341329923,SHOGGOTH,Shoggoth
1850807789992808449,GRASS,Grass
1851063010019987457,BAN,Comedian
1851425535844634632,LUCE,LUCE
1853056026800771073,PNUT,Peanut the Squirrel
1853128669520416771,KAIA,Kaia
1853176806654038018,ZEREBRO,zerebro
1853372158904713217,X,X Empire
1853381559995985922,OMNIA,Omnia Protocol
1854427962391760897,CEC,Counterfire Economic Coin
1854504281573117954,SWELL,Swell 
1855595259386089474,CLANKER,tokenbot
1855668204783489028,USDG,Global Dollar
1856136540155760641,DEGENAI,Degen Spartan AI
1856276247182188546,PEAQ,peaq
1856920107781672961,SYRUP,Maple Finance
1857646602661613571,PIPPIN,PIPPIN
1857646602661613574,BULLY,Dolos The Bully
1858202910729129985,KOMA,Koma Inu
1858203837489958913,VVAIFU,Dasha
1858204509207744516,HAT,Top Hat
1858204509207744517,OPUS,Opus
1858391433165864961,URO,Urolithin A
1858410187509661698,RIF,Rifampicin
1858613006181289988,CHILLGUY,Chill Guy
1858712282512105473,USUAL,Usual
1858854457100161026,SCIHUB,sci-hub
1858857111939403777,AIXBT,aixbt by Virtuals
1858857111943598081,SEKOIA,sekoia by Virtuals
1858913307824181249,ORA,ORA Coin
1858975337042104322,ELIZA,Eliza
1858975337042104323,ELIZA,ai16zeliza
1859111581761863682,OL,Open Loot
1859517319720161281,MORPHO,Morpho Token
1859852756567691266,ASI,Sender AI
1859860126002454530,MEMEFI,MEMEFI
1859866658213564418,GODL,RoOLZ
1859940053084229634,REKT,Rekt
1859944257026740225,VADER,VaderAI by Virtuals
1860739559728041986,LUMIA,Lumia
1860739749683875842,AVA,Ava AI
1860968251868680194,ZRC,Zircuit
1861409858904494081,HSK,HashKey Platform Token
1861756026861096962,SUPRA,Supra
1862356822333784066,MAJOR,Major
1862422393394962433,MGT,Moongate
1862702593582522369,HYPE,Hyperliquid
1863202986790703105,ALCH,Alchemist AI
1863276823842607108,BANANA,Banana For Scale
1863277275850166273,NS,SuiNS Token
1863326109204697090,FAI,Freysa AI
1863926334227173378,SKY,Sky
1864538574672318465,XION,XION
1864924092946812930,GOATS,GOATS
1864974256574255105,F,SynFutures
1865074046238674946,FMB,Flappy Moon Bird
1865619184602009602,GRIFFAIN,GRIFFAIN
1865753860629024770,DTEC,Dtec token
1865759634126229506,LSD,Pontem Liquidswap
1865815821240717315,COOKIE,Cookie DAO
1866040301773099010,MOVE,Movement
1866102167759974401,GRIFT,ORBIT
1866159911129018369,CULT,Milady Cult Coin
1866389493490094082,LIQUIDIUM (RUNES),LIQUIDIUM•TOKEN
1866396334390595585,ME,Magic Eden
1866467298297737218,BNKR,BankrCoin
1866510039125602306,EGO,Paysenger EGO
1866516020756754434,MC,Magic Crystal
1867370404447481858,ARC,AI Rig Complex
1867466368641101825,MOZ,Lumoz
1868349744239951873,BLUE,Bluefin
1868351894437314561,MAX,MAX
1868595966264143874,VANA,Vana
1869009874973466625,PENGU,Pudgy Penguins
1869060358092439553,ISLAND,ISLAND
1869724590608113665,FUEL,Fuel Network
1870011734471892993,MONKY,Wise Monkey
1870209037954605060,UFD,Unicorn Fart Dust
1870686144783577090,EARNM,Earnm
1870697274260930562,REX,REVOX
1870704900003598338,STREAM,Streamflow
1870827058016825345,MNRY,Moonray
1871175311188377601,SWARMS,swarms
1871600836616355842,MAG7.SSI,MAG7.ssi
1871736420051681281,RLUSD,Ripple USD
1871852257044144129,MRSOON,Ton Station
1872262522990694401,SPORE,SPORE
1872264991632199682,USSI,USSI
1872264991632199683,DEFI.SSI,DEFI.ssi
1872264991632199684,MEME.SSI,MEME.ssi
1872460803817541634,NEUR,neur.sh
1874439441053454337,FLOCK,FLOCK
1874654269253750785, SONIC,Sonic SVM
1875074716886360066,BIO,Bio Protocol
1875722664694788097,S,Sonic
1876447469248737282,BGSC,BugsCoin
1876447469252931586,LAVA,Lava Network
1876809892111609858,AB,AB
1877154868304756738,BUZZ,Hive AI
1877172250251313154,XTER,Xterio
1879713036812238850,TREAT,Shiba Inu Treat
1879826558650621953,DUCK,Duckchain
1879936101113401346,GPS,GoPlus Security
1880073477475274753,CLAY,Clayton
1880073477479469057,B3TR,VeBetterDAO
1880219500419756033,SOLV ,Solv Protocol
1880476955350953985,TRUMP,OFFICIAL TRUMP
1881141676928430081,MELANIA,Melania Meme
1881284387083984898,OBT,Orbiter Finance
1881520910251356162,NC,Nodecoin
1881683434246475778,PLUME,Plume
1882017700757737474,D,Dar Open Network
1882245663131631617,J,Jambo
1882354756497571841,ANIME ,Animecoin
1882368619935268865,SOSO,SoSoValue
1882530500887379971,VINE,Vine Coin
1884237493023223810,VVV,Venice Token
1884966887407108097,JELLYJELLY,jelly-my-jelly
1887008837389717506,PINEYE,PinEye
1887357062736928769,BERA,Berachain
1888547368123043842,TST,Test
1888614629689069570,JAILSTOOL,Stool Prisondente
1888912918965739521,ANLOG,Analog
1889105776992088066,B3,B3
1889196796889632769,LAYER,Solayer
1889680986945060866,G7,Game7
1889855817343635457,AVL,Avalon
1889954147552653313,DIAM,Diamante
1889970037468008450,IP,Story
1890205075991891970,SHELL,MyShell
1890297450295164930,HEI,Heima
1890331257695399937,BROCCOLI,CZ'S Dog
1892093148513906689,PI,Pi Network
1892392528282587138,SIREN,Siren
1892456115755622401,KAITO,KAITO
1894688930519998465,RED,RedStone
1894725562350972930,ZOO,Zoo
1897118136814546945,USDTB,USDtb
1897538013927522306,ELX,Elixir
1897649200791359490,ROAM,ROAM
1897828337441517570,PUNDIAI,Pundi AI
1897875820329955330,MINT,Mint Blockchain
1899390748897779713,BMT,Bubblemaps
1900094365324226561,EPIC,Epic Chain
1900139167833100289,OIK,Space Nation Oikos
1900365095551053826,KTA,Keeta
1901498533348605954,MUBARAK,Mubarak
1901814635500089346,TUT,Tutorial
1902677782537277442,BR,Bedrock Token
1902985926143107073,FORM,Four
1903022360901681153,NIL,Nillion
1904407182231552001,PARTI,Particle Network
1904713706732728322,AO,ao Computer
1904823911997644802,AMI,Amnis Finance
1905132016915943425,WAL,Walrus
1905253754969227265,KILO,KiloEx
1905511578430758914,CORN,Corn
1906596216358244354,GUN ,Gunz
1906617952519839746,IMT,Immortal Token
1907239743891922945,PUMPBTC,PumpBTC
1907274150459949057,BAI,bAI Fund
1907612904298737665,RFC,Retard Finder Coin
1907638904106323969,STO,StakeStone
1907670301877157889,EDGE,Definitive
1909889320943419393,PROMPT,Wayfinder
1909892439211311106,KERNEL,KernelDAO
1910149570150617089,HOUSE,Housecoin
1910229394087567361,BABY,Babylon
1910263123433881601,FHE,Mind Network
1911157633722867714,USD1,USD1
1911697461563203585,INIT,Initia
1912017355554246657,WCT,WalletConnect
1912334025585811458,PAWS,Paws
1912422736390479874,GM,Gomble
1913067762307653633,DARK,Dark Eclipse
1913407481406169090,BANK,Lorenzo Protocol
1914145411093843970,EPT,Balance
1914545109503115265,HYPER,Hyperlane
1914868108994379778,ZORA,Zora
1915221847068241921,SKYAI,SkyAI
1915231321680580610,DOLO,Dolomite
1916737730480513025,SIGN,Sign
1917118739349852162,MILK,MilkyWay
1917151296104366082,HAEDAL,Haedal Protocol
1917408394369236994,B2,BSquared Network
1917474233735028737,OBOL,Obol
1918986633310203905,GORK,New XAI gork
1919637775022366721,BOOP,BOOP
1919696838171488257,MYX,MYX Finance
1920305315616854017,SXT,Space and Time
1920359621409837057,SHM,Shardeum
1920673725746262017,DOOD,Doodles
1920742315503751169,JITOSOL,Jito Staked SOL
1922186675466076161,RDAC,Redacted
1922456570576367618,LAUNCHCOIN,Launch Coin on Believe
1922832334927110145,PRAI,Privasea AI
1922883411505463297,NXPC,NEXPACE
1925459813674090498,TGT,Tokyo Games Token
1925489421513490434,B,BUILDon
1925742116367228929,SOON,SOON
1926829002053746689,HUMA,Huma Finance
1926877923421806593,PPT,Pop Social
1926913883148484610,PELL,Pell Network
1927314126407294977,ELDE,Elderglade
1927335495772426242,PFVS,Puffverse
1927553001140080642,SOPH,Sophon
1927593750334361602,A,Vaulta
1927599302395912194,STOP,LETSTOP
1928372806749511681,ASRR,Assister AI
1929726239378735106,BDXN,Bondex
1930087180104597506,RWA,Allo
1930254129820811266,LA,Lagrange
1930457757651255298,WNZ,Winnerz
1930571936807800833,CUDIS,CUDIS
1931906409274114049,FLY,Fly
1931954448711127042,SKATE,Skate
1932259669863829506,HOME,HOME
1932315545674133506,RESOLV,Resolv
1932602403891212289,BOMB,Bombie
1932673885939650561,IDOL,MEET48
1933037844109598722,TAG,Tagger
1933101184412426241,SGC,SGC
1934800341161582594,SPK,Spark
1935165713083486210,BEE,DAOBASE
1935585852580036609,MAT,Matchain
1935886684003078146,LOT,League of Traders
1936950733021728770,BRIC,RedBrick
1936959912504741890,BULLA,Bulla
1937339151337738241,MGO,Mango Network
1937352392733986817,NEWT,Newton Protocol 
1937382575022948354,DMC,DeLorean
1937751087949373442,H,Humanity
1938065210657357825,SAHARA,Sahara AI
1938074358412038146,CESS,CESS Network
1938078378637017089,XO,XOCIETY
1938437721831059457,BLUM,Blum
1938472257620635649,MORE,Moonveil
1939517700409810946,USELESS,Useless Coin
1939626413661028353,NODE,NodeOps
1939877328782036994,FRAG,Fragmetric
1939898100671258625,COINX,Coinbase xStock
1939901402813116418,NVDAX,NVIDIA xStock
1939940864888745985,CRCLX,Circle xStock
1940038508219138050,AAPLX,Apple xStock
1940238898430205954,METAX,Meta xStock
1940279907367206913,HOODX,Robinhood xStock
1940599516650209282,M,MemeCore
1940608847159967746,GOOGLX,Alphabet xStock
1940642611474939906,AMZNX ,Amazon xStock
1940652650313015297,ICNT,Impossible Cloud Network Token
1941028266940854274,CROSS,CROSS
1941130055145119745,TSLAX,Tesla xStock
1942046080527892481,QQQX,Nasdaq xStock
1942050399443038209,SPYX,SP500 xStock
1942121818882076673,MSTRX,MicroStrategy xStock
1942127219329495042,DFDVX,DeFi Development Corp
1942408392807940098,MCDX,McDonald's xStock
1942858328563220481,TANSSI,Tanssi
1944614603784155137,A47,AGENDA 47
1944803565692538882,C,Chainbase
1944907752733888514,PUMP,Pump.fun
1945049630733701122,TAC,TAC
1945102949860790274,ANI,Ani Grok Companion
1945311323982671873,ES,Eclipse
1945718157612691458,ERA,Caldera
1946134076029677569,RION,Hyperion
1947183109030219777,TA,Trusta AI
1947888766519300097,EGL1,EGL1
1947937843387666433,COA,Alliance Games
1948582353462181890,ASP,Aspecta
1950036741853483009,IKA,Ika
1950039746892877826,SPON,Spheron Network
1950069971527151618,NERO,NERO Chain
1950079271279595522,TREE,Treehouse
1950435081865400322,TUNA,DeFituna
1950463842517798914,A2Z,Arena-Z
