,open,high,low,close,volume
0,439.80000000,1249.00000000,439.80000000,635.6,202254.44230000
1,635.50000000,671.60000000,620.80000000,623.4,38824.73270000
2,623.60000000,645.00000000,596.50000000,632.2,29159.96740000
3,632.00000000,646.30000000,611.90000000,614.4,31361.94930000
4,614.40000000,614.40000000,551.10000000,575.7,57502.86670000
5,575.70000000,583.80000000,500.00000000,537.5,33609.19480000
6,537.40000000,571.50000000,508.80000000,551.5,14897.96310000
7,551.50000000,556.30000000,531.00000000,533.7,10400.03360000
8,533.70000000,539.50000000,481.30000000,488.7,16653.20060000
9,488.70000000,541.50000000,400.00000000,509.2,55766.01380000
10,509.20000000,516.30000000,470.10000000,508.3,17768.80570000
11,507.70000000,534.50000000,502.90000000,519.9,13404.95940000
12,520.00000000,598.40000000,519.60000000,582.5,59100.04740000
13,583.30000000,623.90000000,570.00000000,586.5,30992.85490000
14,586.50000000,594.40000000,550.30000000,557.8,12760.17550000
15,557.70000000,584.20000000,552.40000000,570.0,13236.94840000
16,570.10000000,570.30000000,539.00000000,546.6,16726.65260000
17,546.50000000,548.40000000,519.00000000,524.9,16636.47700000
18,524.80000000,535.20000000,500.60000000,507.5,12868.51130000
19,508.00000000,526.20000000,478.80000000,480.7,21109.03120000
20,480.70000000,487.60000000,444.50000000,473.5,48739.34050000
21,473.30000000,504.90000000,470.20000000,500.8,11642.76290000
22,500.90000000,511.90000000,493.50000000,495.4,8883.03060000
23,495.20000000,500.90000000,458.90000000,462.3,16752.66790000
24,462.20000000,470.20000000,436.30000000,461.1,22261.08730000
25,461.00000000,481.60000000,448.30000000,455.0,13577.62830000
26,455.00000000,468.00000000,446.30000000,448.8,6779.10920000
27,448.60000000,467.40000000,434.60000000,456.9,15013.15110000
28,457.00000000,475.00000000,446.10000000,459.0,8400.86830000
29,458.50000000,472.90000000,455.00000000,466.2,3762.15860000
30,466.60000000,466.90000000,426.30000000,446.7,8926.87090000
31,446.90000000,476.90000000,446.20000000,471.9,10263.91080000
32,471.90000000,477.50000000,452.70000000,463.7,11835.27960000
33,463.40000000,463.50000000,428.20000000,442.0,14160.87890000
34,441.80000000,448.40000000,433.40000000,446.9,5703.85180000
35,447.00000000,455.00000000,436.20000000,440.8,6902.02060000
36,440.80000000,480.80000000,438.30000000,479.1,11354.97030000
37,479.10000000,493.10000000,468.40000000,485.1,8885.22310000
38,485.20000000,489.70000000,472.70000000,479.0,5601.08640000
39,479.80000000,481.90000000,468.10000000,475.4,4884.77430000
40,475.40000000,477.00000000,457.20000000,475.2,7758.69590000
41,475.40000000,487.30000000,470.80000000,474.8,4207.81700000
42,474.70000000,489.80000000,466.00000000,488.6,4463.36200000
43,489.00000000,494.90000000,476.30000000,485.7,6116.71630000
44,485.50000000,502.80000000,477.00000000,499.1,9849.25190000
45,499.00000000,531.10000000,498.70000000,520.9,16067.26300000
46,520.80000000,532.70000000,505.10000000,514.7,6520.13600000
47,514.90000000,520.00000000,493.40000000,512.7,7943.01990000
48,512.50000000,530.20000000,504.30000000,508.2,9105.33980000
49,508.00000000,508.40000000,494.50000000,500.1,3955.84290000
50,499.50000000,506.70000000,490.00000000,495.6,4271.05260000
51,495.70000000,506.70000000,491.50000000,501.0,4844.73630000
52,501.30000000,506.90000000,450.80000000,459.2,18258.02730000
53,459.30000000,464.70000000,443.30000000,452.6,15516.55460000
54,452.70000000,460.90000000,439.90000000,452.3,6640.89130000
55,452.50000000,465.20000000,447.20000000,457.4,13916.53670000
56,457.40000000,466.00000000,448.10000000,461.4,7042.48150000
57,461.40000000,472.70000000,458.20000000,460.8,4007.93890000
58,460.80000000,461.70000000,445.40000000,455.1,3185.97450000
59,454.90000000,455.80000000,440.00000000,445.3,4961.45760000
60,445.20000000,447.80000000,430.00000000,439.3,8462.63580000
61,439.20000000,439.20000000,425.40000000,427.0,5290.49920000
62,427.00000000,427.00000000,410.00000000,421.3,7978.21190000
63,421.60000000,425.40000000,410.10000000,413.7,5659.93150000
64,413.70000000,429.90000000,413.30000000,425.4,5184.14360000
65,425.60000000,427.20000000,417.40000000,421.9,4058.99820000
66,421.90000000,435.70000000,419.60000000,434.5,4473.47340000
67,434.60000000,438.40000000,423.50000000,427.9,4758.67060000
68,427.60000000,436.70000000,425.60000000,433.3,4120.08670000
69,433.30000000,436.30000000,419.40000000,423.3,3751.78150000
70,423.30000000,430.50000000,411.80000000,416.8,6840.35410000
71,417.10000000,417.10000000,381.30000000,399.1,25448.71130000
72,399.00000000,410.40000000,388.90000000,404.9,13102.76740000
73,404.70000000,412.00000000,397.80000000,401.3,7623.39130000
74,401.30000000,406.50000000,388.40000000,392.0,9691.73770000
75,392.00000000,395.40000000,372.00000000,374.7,11866.45160000
76,374.50000000,382.90000000,365.30000000,371.6,15906.85980000
77,371.60000000,392.80000000,368.50000000,388.6,11754.54870000
78,388.70000000,392.60000000,369.60000000,371.2,10502.74800000
79,371.50000000,372.20000000,340.30000000,360.8,23570.26830000
80,360.60000000,370.10000000,354.40000000,368.9,8407.62510000
81,368.70000000,391.00000000,368.60000000,380.9,10191.78400000
82,380.80000000,382.20000000,365.60000000,373.8,7008.84890000
83,373.80000000,401.40000000,370.30000000,397.6,8329.43880000
84,397.70000000,412.00000000,392.60000000,402.9,13322.26840000
85,402.90000000,415.30000000,394.00000000,404.3,6663.27490000
86,404.30000000,409.00000000,398.10000000,400.9,7426.23030000
87,401.00000000,403.60000000,392.70000000,395.0,6070.58280000
88,394.90000000,435.90000000,393.70000000,425.0,15163.57820000
89,425.00000000,432.50000000,418.40000000,425.6,7516.87800000
90,425.60000000,443.70000000,423.10000000,434.4,5556.81230000
91,434.40000000,455.40000000,429.10000000,445.7,11053.23340000
92,445.60000000,459.30000000,443.30000000,449.6,9531.43270000
93,449.60000000,470.00000000,444.30000000,446.6,6653.06740000
94,446.60000000,452.90000000,429.90000000,432.2,6658.58760000
95,432.20000000,445.00000000,430.50000000,438.1,4312.62100000
96,438.00000000,478.80000000,433.90000000,468.0,13456.64290000
97,467.90000000,469.10000000,450.50000000,455.4,7302.71980000
98,455.20000000,473.30000000,455.20000000,472.4,8120.77110000
99,472.40000000,488.40000000,459.70000000,469.9,11110.36200000
100,470.00000000,471.70000000,438.40000000,442.7,15219.68710000
101,442.90000000,449.60000000,439.50000000,441.8,4907.90340000
102,442.00000000,454.20000000,430.80000000,436.5,5946.57120000
103,436.40000000,466.10000000,430.20000000,436.0,13716.76390000
104,436.10000000,448.90000000,435.90000000,439.7,5784.13390000
105,439.50000000,439.50000000,418.10000000,419.1,7260.14130000
106,418.90000000,428.60000000,416.00000000,419.1,5362.96500000
107,419.30000000,421.30000000,390.30000000,391.7,16801.71080000
108,391.70000000,403.50000000,375.80000000,387.9,28884.85290000
109,387.90000000,397.40000000,383.50000000,391.8,8896.23690000
110,391.80000000,407.00000000,391.30000000,400.6,5763.67090000
111,400.50000000,405.40000000,382.40000000,384.5,9222.09680000
112,384.60000000,408.50000000,381.00000000,393.5,14643.01450000
113,393.50000000,399.00000000,389.30000000,393.0,9406.82440000
114,393.10000000,400.00000000,387.00000000,393.6,5679.85040000
115,393.40000000,400.00000000,388.90000000,395.4,9888.78980000
116,395.50000000,405.00000000,366.30000000,371.5,26332.47680000
117,371.40000000,378.00000000,367.90000000,376.5,6870.22320000
118,376.60000000,382.90000000,372.30000000,377.0,4969.73940000
119,376.80000000,381.70000000,370.00000000,372.3,5575.94690000
120,372.30000000,384.60000000,370.00000000,376.5,8799.37390000
121,376.60000000,378.00000000,372.40000000,374.7,3406.84730000
122,374.60000000,382.30000000,374.20000000,376.6,4286.88610000
123,376.60000000,380.00000000,373.60000000,375.9,3301.16610000
124,376.00000000,377.80000000,363.40000000,365.8,10056.53470000
125,365.70000000,367.30000000,359.40000000,362.9,7432.79830000
126,362.90000000,366.50000000,339.70000000,352.5,14819.57340000
127,352.50000000,376.20000000,352.50000000,364.8,14020.87770000
128,365.10000000,374.60000000,359.30000000,363.1,10889.66050000
129,363.00000000,364.00000000,355.50000000,357.3,5737.70750000
130,357.30000000,359.30000000,350.20000000,356.9,6695.46710000
131,356.70000000,356.90000000,340.10000000,341.1,12051.51920000
132,341.30000000,345.80000000,333.50000000,337.8,13334.91430000
133,337.70000000,349.80000000,337.20000000,343.9,8316.25830000
134,343.90000000,348.30000000,340.80000000,346.6,3287.19910000
135,346.40000000,362.00000000,343.60000000,355.8,10737.80800000
136,355.70000000,399.00000000,354.50000000,385.7,40661.09790000
137,385.70000000,398.00000000,380.60000000,389.7,13372.59530000
138,389.60000000,396.00000000,380.20000000,392.7,9432.82920000
139,392.50000000,406.10000000,387.20000000,403.7,13509.36150000
140,403.70000000,404.20000000,374.80000000,387.8,20448.09460000
141,387.80000000,391.90000000,379.80000000,382.2,6971.82950000
142,382.20000000,388.10000000,377.50000000,385.1,5139.97780000
143,385.20000000,388.10000000,378.00000000,379.7,11925.92230000
144,379.70000000,399.00000000,377.00000000,383.1,15567.97220000
145,383.00000000,385.60000000,380.20000000,380.7,5036.60800000
146,380.70000000,386.60000000,377.50000000,384.2,4071.04100000
147,384.10000000,391.00000000,382.10000000,382.9,5170.28770000
148,383.10000000,388.40000000,375.80000000,386.4,7838.78220000
149,386.30000000,388.50000000,379.90000000,382.4,2696.60180000
150,382.40000000,387.70000000,381.60000000,385.7,2424.65810000
151,385.70000000,394.40000000,378.60000000,380.4,7767.39040000
152,380.40000000,380.50000000,363.70000000,367.8,10156.47100000
153,367.90000000,369.50000000,358.80000000,365.4,5512.53510000
154,365.30000000,378.40000000,358.10000000,376.0,6116.88250000
155,376.20000000,376.80000000,367.20000000,368.0,6141.42500000
156,368.00000000,404.90000000,365.20000000,404.6,15624.77900000
157,404.50000000,418.70000000,393.50000000,406.4,29411.71550000
158,406.50000000,430.00000000,389.90000000,417.7,18808.23390000
159,417.80000000,445.60000000,414.80000000,441.6,17235.99540000
160,441.80000000,454.50000000,421.10000000,421.4,27654.57090000
161,421.50000000,427.50000000,411.70000000,423.8,10386.62230000
162,423.90000000,426.20000000,415.60000000,425.0,8837.79650000
163,424.90000000,442.30000000,419.80000000,427.6,13091.29670000
164,427.50000000,443.70000000,420.80000000,439.6,14824.33810000
165,439.00000000,477.00000000,430.60000000,446.2,30597.79620000
166,446.70000000,469.60000000,438.00000000,466.7,14701.58560000
167,466.80000000,491.10000000,464.90000000,481.2,32090.53070000
168,481.00000000,481.00000000,439.50000000,453.6,27939.40630000
169,453.40000000,465.30000000,433.30000000,450.6,21917.00010000
170,450.50000000,468.80000000,447.50000000,454.0,8703.39730000
171,453.90000000,454.90000000,427.80000000,430.7,14293.10820000
172,430.70000000,435.40000000,422.00000000,434.4,10785.35350000
173,434.20000000,443.10000000,431.00000000,436.4,5589.68390000
174,436.30000000,447.40000000,432.50000000,446.8,3958.91610000
175,446.60000000,448.40000000,435.30000000,436.5,5375.76210000
176,436.30000000,436.30000000,428.30000000,431.1,5874.89040000
177,431.10000000,431.80000000,421.80000000,424.5,3555.66190000
178,424.50000000,429.50000000,422.10000000,428.0,3461.50440000
179,428.00000000,430.60000000,416.50000000,429.0,8352.30630000
180,428.80000000,444.20000000,424.70000000,439.0,13962.93740000
181,438.70000000,439.00000000,425.00000000,435.9,5033.29480000
182,436.00000000,450.40000000,434.40000000,438.4,6881.06410000
183,438.50000000,438.50000000,425.20000000,431.9,6894.46550000
184,431.80000000,445.00000000,427.20000000,438.8,12918.81860000
185,438.80000000,441.20000000,430.60000000,438.0,5947.17940000
186,438.00000000,440.00000000,419.90000000,428.9,8766.46010000
187,428.60000000,439.20000000,424.00000000,425.0,8168.80790000
188,424.80000000,428.50000000,416.80000000,418.7,11212.62490000
189,418.80000000,422.10000000,412.70000000,418.8,5337.63250000
190,418.90000000,427.40000000,417.40000000,420.3,7723.70240000
191,420.30000000,425.00000000,399.60000000,406.4,15491.81180000
192,406.20000000,411.80000000,392.90000000,398.3,15503.87000000
193,398.30000000,401.60000000,394.20000000,395.3,6089.90920000
194,395.00000000,407.70000000,394.60000000,404.5,5812.69720000
195,404.50000000,404.60000000,382.90000000,394.7,13478.41480000
196,394.70000000,413.10000000,394.60000000,405.4,10973.55190000
197,405.40000000,406.80000000,386.90000000,390.3,8952.55550000
198,390.40000000,391.70000000,384.00000000,387.7,5833.85970000
199,387.70000000,397.70000000,385.10000000,394.5,11096.93390000
200,394.40000000,395.60000000,378.00000000,389.0,13547.61920000
201,389.00000000,395.00000000,387.20000000,389.1,5932.26570000
202,389.00000000,395.00000000,386.80000000,393.5,3007.48320000
203,393.40000000,395.70000000,387.70000000,389.8,3812.90110000
204,389.80000000,402.90000000,388.80000000,396.9,8656.81400000
205,396.70000000,397.40000000,385.20000000,386.7,8865.41190000
206,386.70000000,405.00000000,385.90000000,389.5,7380.80730000
207,389.40000000,405.00000000,388.10000000,396.9,14488.12580000
208,396.90000000,399.60000000,383.80000000,384.0,10865.81540000
209,383.80000000,387.60000000,378.60000000,381.1,9441.89940000
210,381.00000000,385.50000000,375.40000000,378.1,12690.82000000
211,378.10000000,386.10000000,377.80000000,381.0,11924.82470000
212,381.00000000,390.30000000,373.00000000,379.5,20860.29870000
213,379.60000000,381.60000000,375.80000000,378.7,7258.44030000
214,378.70000000,385.50000000,377.80000000,379.3,5400.95220000
215,379.30000000,385.20000000,377.70000000,384.2,7457.74190000
216,384.10000000,399.60000000,381.10000000,396.9,14692.14860000
217,397.10000000,399.80000000,389.10000000,397.6,8891.91280000
218,397.50000000,411.30000000,394.40000000,406.5,12784.62200000
219,406.40000000,410.80000000,398.00000000,410.4,11713.10000000
220,410.30000000,424.90000000,403.10000000,411.3,17075.61550000
221,411.40000000,421.70000000,411.40000000,418.4,8916.96150000
222,418.40000000,420.70000000,409.20000000,409.8,10206.33160000
223,409.80000000,425.90000000,402.80000000,419.0,21687.32790000
224,419.00000000,434.50000000,410.00000000,429.7,15204.32750000
225,429.50000000,431.50000000,412.80000000,423.9,7430.71410000
226,423.50000000,428.90000000,415.20000000,423.2,9097.43530000
227,423.20000000,432.60000000,420.40000000,430.0,12871.52030000
228,430.20000000,435.40000000,400.50000000,400.7,31438.55710000
229,400.70000000,401.70000000,320.00000000,392.4,68664.10250000
230,392.30000000,399.30000000,387.70000000,389.2,8807.65170000
231,389.20000000,394.50000000,375.50000000,377.9,12779.30210000
232,377.80000000,380.50000000,362.10000000,368.6,17799.79760000
233,368.50000000,374.40000000,358.10000000,361.6,8446.93770000
234,361.40000000,365.60000000,356.30000000,364.1,6070.29650000
235,364.00000000,367.80000000,353.40000000,357.4,11421.40550000
236,357.20000000,367.00000000,352.50000000,366.0,12514.71150000
237,366.00000000,368.20000000,360.00000000,362.0,5921.59780000
238,362.00000000,367.50000000,353.80000000,356.1,8783.59180000
239,356.20000000,359.40000000,337.00000000,348.0,23611.71020000
240,348.00000000,360.00000000,341.30000000,351.1,18870.05300000
241,351.10000000,352.20000000,340.10000000,342.9,10540.85170000
242,342.90000000,350.00000000,330.00000000,333.8,24720.62090000
243,333.70000000,338.70000000,327.70000000,329.6,16690.02950000
244,329.70000000,334.80000000,313.70000000,322.8,34267.59650000
245,322.80000000,328.90000000,320.10000000,325.5,14197.40580000
246,325.50000000,325.60000000,310.20000000,316.4,25112.29560000
247,316.40000000,340.60000000,316.00000000,335.5,20209.66730000
248,335.60000000,372.20000000,335.00000000,366.4,43330.34570000
249,366.50000000,368.90000000,341.10000000,354.0,27686.91480000
250,354.10000000,355.80000000,326.30000000,337.9,17149.04490000
251,338.00000000,339.20000000,324.30000000,326.7,14663.67240000
252,326.60000000,332.20000000,315.00000000,321.9,24635.39090000
253,321.90000000,327.40000000,313.70000000,315.8,11988.47600000
254,316.00000000,321.40000000,311.00000000,320.7,9439.39290000
255,320.90000000,324.50000000,316.10000000,318.1,12528.34710000
256,318.20000000,321.70000000,290.00000000,306.5,43613.56870000
257,306.50000000,312.70000000,299.20000000,302.5,25536.26010000
258,302.50000000,304.80000000,295.00000000,296.0,12166.81240000
259,296.10000000,308.30000000,296.10000000,306.5,9307.37810000
260,306.60000000,309.50000000,300.90000000,306.9,10574.90800000
261,306.80000000,307.00000000,301.00000000,302.1,6613.51960000
262,302.20000000,308.90000000,298.60000000,305.8,8843.40660000
263,305.60000000,311.50000000,304.10000000,308.7,7646.61480000
264,308.60000000,317.60000000,306.90000000,312.3,13241.63270000
265,312.30000000,314.50000000,304.40000000,306.0,8676.71760000
266,306.00000000,308.90000000,296.10000000,299.4,9900.28750000
267,299.50000000,300.20000000,281.00000000,296.2,26568.29570000
268,296.20000000,303.50000000,286.50000000,300.1,25578.32230000
269,300.10000000,306.50000000,286.60000000,288.5,17070.51700000
270,288.60000000,289.60000000,236.20000000,273.0,44327.85600000
271,273.00000000,293.70000000,272.80000000,277.3,28132.03760000
272,277.40000000,280.00000000,256.70000000,272.3,45020.42880000
273,272.20000000,294.80000000,266.00000000,293.6,24056.68630000
274,293.60000000,298.30000000,285.70000000,294.7,21511.07180000
275,294.80000000,310.90000000,294.10000000,303.8,25274.14390000
276,303.80000000,319.50000000,299.90000000,301.0,30083.45860000
277,301.00000000,301.80000000,293.50000000,299.5,12044.90380000
278,299.40000000,313.70000000,296.90000000,313.1,13429.95170000
279,313.10000000,321.00000000,308.20000000,310.7,20693.11740000
280,310.90000000,311.00000000,295.20000000,305.3,21635.57090000
281,305.30000000,307.20000000,298.40000000,299.1,6902.96060000
282,299.10000000,306.00000000,293.80000000,300.8,7334.99870000
283,300.70000000,301.40000000,288.90000000,290.8,17357.68570000
284,290.80000000,295.00000000,280.10000000,283.6,24726.16600000
285,283.60000000,291.80000000,282.70000000,286.2,9163.55930000
286,286.20000000,288.90000000,281.50000000,285.5,4228.69630000
287,285.60000000,286.40000000,279.90000000,282.7,5930.91800000
288,282.70000000,285.50000000,280.20000000,281.4,5630.48390000
289,281.40000000,282.50000000,276.60000000,279.0,5168.49870000
290,279.20000000,287.70000000,278.50000000,284.9,6707.35460000
291,284.90000000,290.50000000,281.70000000,283.5,5766.68650000
292,283.60000000,286.80000000,276.30000000,282.6,7734.10440000
293,282.50000000,282.90000000,269.10000000,272.6,10772.08680000
294,272.60000000,273.60000000,263.10000000,265.5,12465.55040000
295,265.50000000,278.70000000,259.50000000,272.1,23370.77150000
296,272.00000000,282.80000000,268.90000000,275.2,19906.89100000
297,275.10000000,283.10000000,270.20000000,276.1,24790.06650000
298,276.10000000,286.20000000,274.30000000,281.2,10038.27200000
299,281.10000000,283.90000000,273.00000000,281.9,12725.86970000
300,281.80000000,294.00000000,280.40000000,288.8,16476.80300000
301,288.70000000,295.20000000,286.90000000,288.7,9452.37180000
302,288.60000000,291.90000000,283.00000000,283.7,9077.22170000
303,283.70000000,287.40000000,281.40000000,283.9,9258.26940000
304,283.90000000,288.80000000,275.30000000,278.8,11174.41800000
305,278.80000000,284.60000000,276.60000000,279.8,6933.66900000
306,279.90000000,281.80000000,272.40000000,273.4,6670.06250000
307,273.40000000,282.90000000,272.10000000,280.6,7947.36900000
308,280.50000000,291.20000000,279.90000000,281.3,16269.14280000
309,281.30000000,286.20000000,280.60000000,284.7,3896.63830000
310,284.40000000,292.80000000,281.60000000,284.3,5926.16650000
311,284.30000000,285.00000000,279.90000000,283.7,6996.38270000
312,283.60000000,287.20000000,274.00000000,275.4,11107.42850000
313,275.30000000,277.30000000,262.30000000,268.1,9017.14520000
314,268.10000000,271.90000000,265.60000000,268.7,5825.39810000
315,268.80000000,273.10000000,265.80000000,266.6,5976.07260000
316,266.60000000,268.10000000,262.20000000,262.6,6214.10320000
317,262.60000000,263.70000000,257.80000000,260.0,4632.00040000
318,259.90000000,260.50000000,252.20000000,254.0,8383.69710000
319,254.10000000,259.90000000,254.00000000,258.3,12171.45580000
320,258.40000000,266.00000000,256.50000000,265.5,9766.58810000
321,265.70000000,274.40000000,264.80000000,272.1,8703.41150000
322,272.10000000,281.50000000,270.40000000,280.1,8428.35180000
323,280.00000000,280.80000000,272.30000000,273.5,10076.82120000
324,273.60000000,283.10000000,271.80000000,283.1,11728.75990000
325,283.20000000,285.00000000,271.80000000,276.3,12440.39150000
326,276.20000000,277.90000000,272.70000000,273.6,4832.78760000
327,273.60000000,274.20000000,267.80000000,271.6,7542.70410000
328,271.60000000,274.30000000,262.40000000,265.7,9597.97890000
329,265.70000000,267.60000000,236.00000000,241.9,91247.18750000
330,241.80000000,242.00000000,225.80000000,236.7,52261.13180000
331,236.60000000,243.20000000,231.10000000,237.3,34159.33450000
332,237.40000000,237.40000000,228.60000000,233.9,25395.45630000
333,233.70000000,239.40000000,229.00000000,236.8,23289.81220000
334,237.00000000,239.80000000,227.00000000,237.1,22151.80150000
335,237.00000000,237.00000000,216.20000000,226.3,30666.97650000
336,226.40000000,228.80000000,219.10000000,228.4,15750.88060000
337,228.30000000,235.00000000,219.30000000,221.9,16450.04610000
338,221.80000000,221.80000000,193.10000000,205.2,48384.64670000
339,205.10000000,215.10000000,199.40000000,214.8,19076.96270000
340,214.70000000,229.90000000,210.90000000,224.4,22312.43120000
341,224.40000000,238.90000000,217.30000000,223.8,13239.88190000
342,223.10000000,228.40000000,218.50000000,220.2,8689.39400000
343,220.30000000,228.70000000,220.20000000,224.8,6606.55700000
344,224.60000000,232.50000000,222.40000000,228.4,10587.15790000
345,228.30000000,232.80000000,224.70000000,230.7,6182.95430000
346,230.80000000,232.50000000,222.10000000,224.2,5557.41290000
347,224.30000000,230.00000000,220.50000000,227.7,8317.52740000
348,227.60000000,231.30000000,215.10000000,222.5,12481.36390000
349,222.50000000,223.60000000,213.20000000,216.2,5966.91590000
350,216.20000000,220.70000000,204.80000000,216.1,38658.61420000
351,216.00000000,241.40000000,213.30000000,239.4,20533.54980000
352,239.50000000,239.70000000,221.90000000,226.6,31496.16980000
353,226.50000000,233.80000000,225.90000000,231.1,8179.05270000
354,230.90000000,238.80000000,228.80000000,236.4,30448.54280000
355,236.30000000,255.10000000,232.10000000,252.2,48026.67400000
356,252.10000000,268.00000000,247.40000000,260.4,40832.37040000
357,260.50000000,263.10000000,250.30000000,255.5,14960.83050000
358,255.40000000,266.20000000,251.70000000,263.4,8706.18150000
359,263.40000000,272.50000000,259.70000000,270.1,19749.72640000
360,270.00000000,270.30000000,259.30000000,261.5,15855.21440000
361,261.70000000,262.80000000,257.60000000,259.6,3464.75380000
362,259.50000000,262.00000000,249.80000000,253.8,12093.34780000
363,253.80000000,257.10000000,251.30000000,255.3,6450.16370000
364,255.30000000,259.70000000,245.10000000,251.8,10586.58240000
365,251.90000000,253.90000000,243.60000000,245.9,4268.13230000
366,246.20000000,248.70000000,240.10000000,243.4,5482.62040000
367,243.30000000,244.90000000,238.40000000,239.6,4969.70260000
368,239.60000000,245.00000000,238.90000000,242.4,8495.90680000
369,242.30000000,247.20000000,236.30000000,241.5,12577.95700000
370,241.50000000,244.60000000,240.00000000,242.7,6061.17880000
371,242.90000000,253.50000000,241.90000000,247.2,13071.28040000
372,247.00000000,263.70000000,246.30000000,257.0,13187.53710000
373,257.00000000,260.90000000,253.20000000,257.4,5623.83900000
374,257.40000000,264.00000000,255.70000000,263.7,4805.09210000
375,263.70000000,275.50000000,260.80000000,267.2,15953.95630000
376,267.20000000,267.20000000,260.70000000,264.3,8304.66860000
377,264.20000000,279.40000000,260.20000000,276.9,10591.23030000
378,276.80000000,285.10000000,275.70000000,282.9,11884.70430000
379,282.90000000,291.80000000,277.60000000,287.1,17522.59780000
380,287.00000000,303.30000000,287.00000000,297.2,24856.38580000
381,297.20000000,301.40000000,292.10000000,299.1,12981.73050000
382,299.10000000,303.00000000,288.50000000,290.1,14671.76300000
383,290.10000000,299.90000000,281.00000000,293.9,19184.09810000
384,294.00000000,300.30000000,287.70000000,298.9,15387.56380000
385,298.80000000,307.90000000,296.00000000,304.2,12418.88200000
386,304.20000000,317.70000000,302.40000000,316.3,11786.53420000
387,316.40000000,327.00000000,307.10000000,307.8,24869.53390000
388,307.70000000,326.90000000,306.70000000,315.4,32831.02550000
389,315.50000000,323.70000000,314.60000000,319.2,9446.46480000
390,319.40000000,324.80000000,312.70000000,317.8,10221.09830000
391,318.00000000,325.10000000,314.60000000,325.0,9289.89980000
392,325.00000000,338.00000000,320.00000000,323.4,28029.65050000
393,323.60000000,337.00000000,322.60000000,336.2,8193.02940000
394,336.40000000,348.50000000,328.80000000,337.0,13703.68190000
395,337.00000000,341.00000000,322.20000000,329.9,10447.70740000
396,330.00000000,359.00000000,326.80000000,358.1,24922.08080000
397,358.40000000,360.60000000,348.00000000,355.4,10635.76520000
398,355.40000000,358.70000000,350.20000000,352.0,5801.14300000
399,351.90000000,353.50000000,343.30000000,344.2,4974.59180000
400,344.30000000,346.50000000,339.20000000,344.2,6472.34320000
401,344.40000000,344.40000000,336.20000000,337.9,6186.10590000
402,337.90000000,343.70000000,333.50000000,336.5,4724.36760000
403,336.60000000,340.20000000,333.70000000,337.7,4623.95970000
404,337.90000000,344.50000000,333.30000000,336.6,7271.15550000
405,336.60000000,355.60000000,325.50000000,350.3,9521.12020000
406,350.40000000,355.90000000,334.70000000,337.6,5071.93800000
407,337.50000000,340.30000000,331.90000000,336.7,6049.82000000
408,336.70000000,341.30000000,320.80000000,326.1,10263.87780000
409,326.00000000,333.60000000,321.60000000,325.2,6517.34930000
410,325.30000000,334.60000000,313.20000000,319.3,7098.66590000
411,319.40000000,331.00000000,317.40000000,323.6,8543.01220000
412,323.60000000,323.90000000,301.00000000,305.1,18596.48280000
413,305.10000000,329.90000000,302.70000000,328.9,10054.15520000
414,328.90000000,331.80000000,320.10000000,325.4,6296.57880000
415,325.40000000,345.20000000,322.90000000,343.7,13193.18460000
416,343.70000000,345.60000000,332.50000000,337.2,16828.72740000
417,337.20000000,340.30000000,329.30000000,332.3,14478.91200000
418,332.30000000,335.10000000,315.30000000,328.6,20243.37770000
419,328.70000000,336.20000000,315.50000000,316.3,20362.77660000
420,316.40000000,330.60000000,312.00000000,324.2,17604.11460000
421,324.10000000,332.70000000,311.00000000,327.5,11091.76520000
422,327.50000000,343.30000000,325.10000000,343.1,8883.35350000
423,343.20000000,363.60000000,342.10000000,362.7,25100.75340000
424,362.90000000,367.00000000,356.20000000,359.1,20664.92710000
425,359.00000000,360.00000000,349.80000000,351.2,9350.58750000
426,351.40000000,352.20000000,342.80000000,345.3,4742.80130000
427,345.20000000,350.90000000,339.00000000,343.4,9821.11340000
428,343.50000000,350.00000000,339.10000000,347.1,15211.45030000
429,347.00000000,348.50000000,333.50000000,337.5,12032.14790000
430,337.40000000,341.60000000,330.10000000,334.1,5168.53240000
431,333.90000000,335.90000000,331.10000000,333.2,3828.23620000
432,333.30000000,338.10000000,332.10000000,335.2,5668.09650000
433,335.20000000,338.90000000,332.10000000,335.4,5832.26470000
434,335.30000000,347.30000000,334.50000000,346.7,7396.55620000
435,346.60000000,347.60000000,338.50000000,340.4,7107.80030000
436,340.60000000,340.60000000,323.00000000,328.8,16584.21120000
437,328.80000000,329.50000000,318.40000000,318.8,5698.22420000
438,318.90000000,322.90000000,315.20000000,319.9,7155.59310000
439,320.10000000,327.30000000,319.10000000,321.4,7146.03210000
440,321.50000000,329.40000000,319.30000000,320.8,11694.47860000
441,320.60000000,324.70000000,315.90000000,321.4,6691.30010000
442,321.40000000,322.70000000,312.70000000,315.4,7169.77840000
443,315.30000000,319.70000000,312.10000000,313.4,6880.47340000
444,313.60000000,317.30000000,308.70000000,312.4,9411.59160000
445,312.60000000,317.50000000,299.80000000,302.2,15454.33110000
446,302.20000000,305.00000000,290.80000000,297.0,10138.86530000
447,297.10000000,297.60000000,290.80000000,291.8,5792.89520000
448,291.80000000,296.60000000,276.80000000,282.0,23484.46420000
449,281.90000000,299.40000000,275.20000000,298.1,13635.14990000
450,298.10000000,298.70000000,286.10000000,287.0,3810.38580000
451,287.00000000,292.50000000,282.10000000,289.9,8854.51660000
452,289.90000000,295.60000000,265.80000000,266.1,22802.78870000
453,266.00000000,267.00000000,259.50000000,263.2,14814.33610000
454,263.10000000,268.50000000,254.20000000,268.0,11434.71580000
455,267.90000000,272.60000000,263.30000000,267.0,8407.11110000
456,267.00000000,271.50000000,250.00000000,251.2,14428.48150000
457,251.20000000,253.60000000,246.20000000,248.3,15429.86030000
458,248.30000000,254.30000000,247.50000000,250.7,4716.31410000
459,250.70000000,251.10000000,245.10000000,246.8,7797.12350000
460,246.80000000,248.20000000,207.50000000,216.6,56268.29760000
461,216.70000000,230.00000000,214.80000000,217.8,35335.77880000
462,217.70000000,219.20000000,180.10000000,184.8,90934.46250000
463,184.70000000,205.00000000,163.70000000,190.3,118833.29540000
464,190.30000000,230.10000000,180.90000000,224.6,104260.64900000
465,224.50000000,237.70000000,212.00000000,229.0,37065.21200000
466,228.90000000,255.60000000,227.80000000,254.4,38764.03370000
467,254.30000000,262.10000000,247.90000000,248.8,45627.79440000
468,248.80000000,271.60000000,247.60000000,257.7,50956.47570000
469,257.70000000,264.80000000,255.70000000,259.5,16025.69310000
470,259.30000000,272.60000000,255.70000000,265.9,23178.83060000
471,265.90000000,272.30000000,260.60000000,261.4,17596.11390000
472,261.50000000,270.50000000,249.10000000,254.7,41169.79880000
473,254.70000000,256.20000000,245.70000000,247.7,25659.87180000
474,247.80000000,270.80000000,243.30000000,269.3,23666.33340000
475,269.20000000,288.40000000,266.30000000,284.8,26994.95800000
476,284.90000000,293.80000000,271.90000000,292.1,34083.89600000
477,292.00000000,318.60000000,288.30000000,305.2,43115.90140000
478,305.00000000,313.80000000,298.80000000,311.0,18889.18570000
479,311.10000000,328.70000000,305.10000000,309.6,25524.51360000
480,309.70000000,310.20000000,293.00000000,296.7,28275.94120000
481,296.70000000,306.80000000,288.80000000,297.7,15607.29180000
482,297.80000000,303.50000000,293.20000000,293.9,7982.69400000
483,294.10000000,296.00000000,289.90000000,292.9,9443.54680000
484,292.70000000,294.10000000,283.60000000,289.0,12825.53480000
485,288.90000000,303.00000000,285.40000000,295.6,13558.58700000
486,295.50000000,310.30000000,289.80000000,307.7,15810.30270000
487,307.40000000,311.30000000,303.70000000,304.6,15046.82960000
488,304.40000000,305.20000000,283.90000000,290.7,26053.03230000
489,290.60000000,293.70000000,278.70000000,284.6,21096.01770000
490,284.60000000,290.50000000,280.30000000,282.4,13830.06930000
491,282.40000000,297.70000000,275.30000000,294.7,28064.25940000
492,294.80000000,294.90000000,270.40000000,284.6,44761.68260000
493,284.60000000,286.90000000,274.00000000,282.2,19604.83100000
494,282.30000000,286.00000000,274.70000000,277.0,11569.07470000
495,277.00000000,281.40000000,274.60000000,279.4,12981.99640000
496,279.30000000,289.40000000,276.00000000,287.6,20318.86730000
497,287.60000000,289.20000000,279.20000000,284.9,10716.27410000
498,285.00000000,289.90000000,281.80000000,283.8,10967.39520000
499,283.70000000,286.00000000,280.10000000,281.8,10210.08630000
500,281.80000000,286.00000000,271.50000000,275.0,33999.90060000
501,275.00000000,278.40000000,273.20000000,275.6,11800.28530000
502,275.60000000,280.80000000,267.70000000,268.4,11021.86320000
503,268.50000000,271.70000000,266.00000000,271.2,9725.55890000
504,271.20000000,275.80000000,266.00000000,266.2,20498.65310000
505,266.20000000,269.70000000,255.00000000,267.5,28589.83550000
506,267.50000000,276.00000000,266.70000000,271.9,10559.40830000
507,271.90000000,279.50000000,268.40000000,269.6,14974.15280000
508,269.70000000,276.40000000,263.00000000,274.3,36702.85660000
509,274.40000000,280.50000000,273.10000000,274.3,14114.96520000
510,274.20000000,275.60000000,269.00000000,272.1,6070.40070000
511,272.20000000,273.80000000,266.70000000,267.8,7109.29230000
512,267.70000000,280.00000000,267.10000000,276.1,13109.53960000
513,276.10000000,279.10000000,273.00000000,276.2,5328.20520000
514,276.30000000,278.60000000,270.50000000,271.1,8428.70880000
515,271.10000000,295.10000000,271.10000000,292.5,20385.84920000
516,292.40000000,298.20000000,287.80000000,288.4,22283.91520000
517,288.50000000,289.30000000,280.20000000,280.5,8496.54630000
518,280.60000000,284.30000000,278.40000000,280.5,9586.56780000
519,280.50000000,287.30000000,275.10000000,283.6,15715.53650000
520,283.60000000,291.00000000,276.30000000,281.0,15454.28740000
521,281.10000000,288.00000000,279.50000000,287.7,7587.21390000
522,287.60000000,313.50000000,286.80000000,309.4,20537.93060000
523,309.30000000,309.70000000,297.70000000,299.5,12753.98010000
524,299.40000000,303.40000000,287.70000000,291.3,18624.37380000
525,291.30000000,298.50000000,290.60000000,295.0,6850.18730000
526,295.10000000,300.40000000,292.30000000,292.4,6870.02720000
527,292.30000000,296.20000000,288.40000000,289.8,6636.12270000
528,289.70000000,297.40000000,280.50000000,296.4,15590.25450000
529,296.40000000,304.90000000,292.20000000,296.9,16714.02250000
530,297.00000000,298.00000000,290.50000000,294.7,7631.61220000
531,294.50000000,311.20000000,294.00000000,310.6,14908.67900000
532,310.50000000,317.60000000,306.00000000,311.2,28170.15050000
533,311.20000000,321.20000000,310.30000000,319.9,13299.24950000
534,320.00000000,339.80000000,320.00000000,329.5,24622.66790000
535,329.60000000,345.00000000,327.00000000,338.5,21657.57530000
536,338.60000000,355.10000000,335.70000000,354.3,34809.63200000
537,354.20000000,356.90000000,345.30000000,346.4,25458.03020000
538,346.40000000,349.40000000,340.40000000,344.5,16185.92790000
539,344.60000000,348.50000000,337.20000000,338.2,14970.29760000
540,338.10000000,346.00000000,336.20000000,341.0,16384.96550000
541,341.00000000,344.80000000,329.40000000,339.2,12491.15000000
542,339.10000000,340.20000000,327.80000000,329.9,8928.64240000
543,329.80000000,335.00000000,319.40000000,331.9,16656.33930000
544,331.80000000,354.90000000,329.80000000,349.2,26727.60280000
545,349.00000000,355.00000000,346.20000000,349.0,13789.15260000
546,349.00000000,358.20000000,344.20000000,345.6,12558.86390000
547,345.50000000,350.90000000,341.40000000,346.1,14095.54610000
548,346.20000000,352.00000000,338.40000000,339.5,19044.14400000
549,339.50000000,346.30000000,336.10000000,336.4,10820.30650000
550,336.50000000,364.60000000,336.50000000,363.5,20767.84830000
551,363.30000000,364.00000000,331.40000000,336.2,30637.92920000
552,336.10000000,342.50000000,330.20000000,333.0,17791.28130000
553,332.90000000,334.40000000,303.00000000,312.0,28781.63670000
554,311.90000000,323.40000000,302.90000000,318.3,22965.95350000
555,318.30000000,326.30000000,304.20000000,316.6,24214.17830000
556,316.50000000,323.10000000,291.60000000,307.0,39758.62540000
557,307.00000000,315.90000000,295.20000000,298.5,24263.22340000
558,298.60000000,304.20000000,292.00000000,299.1,13829.39680000
559,298.80000000,309.00000000,291.30000000,302.6,16218.82910000
560,302.60000000,311.80000000,298.60000000,302.5,28586.11120000
561,302.50000000,302.50000000,280.80000000,283.8,23154.50430000
562,283.80000000,284.10000000,276.20000000,277.1,11836.63760000
563,277.10000000,284.10000000,276.60000000,280.1,12772.66900000
564,280.00000000,282.70000000,267.00000000,274.6,30361.13220000
565,274.60000000,283.30000000,274.30000000,282.5,8905.88390000
566,282.50000000,291.70000000,282.00000000,291.7,14143.54160000
567,291.50000000,293.30000000,282.50000000,284.3,7800.36200000
568,284.30000000,287.40000000,279.40000000,282.5,8198.97760000
569,282.20000000,283.30000000,279.60000000,281.2,3421.10410000
570,281.20000000,281.90000000,272.80000000,273.8,7156.92930000
571,273.70000000,279.00000000,270.40000000,273.2,7196.48300000
572,273.20000000,275.50000000,267.20000000,269.7,13838.76470000
573,269.70000000,279.90000000,261.20000000,263.7,16483.22820000
574,263.60000000,275.00000000,263.40000000,271.7,10450.05000000
575,271.70000000,284.50000000,267.10000000,277.1,15190.49930000
576,277.20000000,280.60000000,271.60000000,278.6,10672.68790000
577,278.50000000,285.60000000,275.20000000,280.2,9001.30870000
578,280.30000000,287.20000000,277.50000000,278.8,9740.38260000
579,278.90000000,278.90000000,273.10000000,275.1,7009.27270000
580,275.00000000,277.60000000,262.40000000,262.6,15356.54200000
581,262.70000000,263.80000000,247.40000000,247.6,25980.06020000
582,247.70000000,254.20000000,238.30000000,251.5,26040.89530000
583,251.50000000,257.80000000,251.20000000,253.2,17262.96010000
584,253.20000000,267.50000000,250.20000000,258.9,27899.07670000
585,259.00000000,259.40000000,253.60000000,255.6,16638.47260000
586,255.50000000,258.80000000,250.50000000,252.7,10650.17020000
587,252.60000000,253.50000000,245.50000000,246.2,15811.07090000
588,246.30000000,251.30000000,238.00000000,243.0,24967.51340000
589,243.00000000,243.30000000,236.30000000,237.7,10153.39360000
590,237.70000000,242.80000000,236.80000000,237.5,11004.24200000
591,237.60000000,243.80000000,232.60000000,240.9,15703.87550000
592,240.90000000,250.10000000,234.00000000,237.2,42173.09860000
593,237.20000000,237.50000000,219.60000000,231.5,45899.89260000
594,231.50000000,243.40000000,231.20000000,242.4,23631.99390000
595,242.50000000,243.10000000,235.90000000,238.0,15754.88540000
596,238.00000000,246.50000000,235.80000000,237.2,17748.28050000
597,237.20000000,239.50000000,232.60000000,235.1,10072.34760000
598,235.00000000,241.50000000,234.00000000,239.0,7204.10850000
599,239.10000000,248.30000000,238.90000000,242.1,17476.64890000
600,242.20000000,243.20000000,235.70000000,242.8,14798.01660000
601,242.80000000,254.20000000,240.00000000,246.0,16559.72820000
602,246.10000000,256.40000000,245.70000000,249.2,16076.83460000
603,249.20000000,263.20000000,248.00000000,260.8,19910.64910000
604,260.90000000,269.50000000,255.30000000,268.9,28291.33780000
605,268.90000000,283.80000000,268.80000000,277.1,32272.98030000
606,277.10000000,279.40000000,273.10000000,276.1,9509.13350000
607,276.10000000,281.50000000,275.00000000,280.3,10597.12940000
608,280.20000000,285.10000000,275.00000000,281.1,18906.77230000
609,281.20000000,295.00000000,280.80000000,287.4,20078.67390000
610,287.50000000,288.20000000,275.30000000,277.7,19767.70140000
611,277.70000000,281.30000000,272.90000000,275.7,14378.58310000
612,275.70000000,298.90000000,273.10000000,285.5,58152.42330000
613,285.50000000,286.10000000,276.70000000,284.0,10500.49410000
614,284.20000000,290.30000000,282.10000000,284.4,11684.52730000
615,284.40000000,294.00000000,280.60000000,287.1,17032.45500000
616,287.00000000,291.80000000,280.60000000,290.0,22778.88040000
617,289.90000000,298.00000000,286.10000000,293.3,21714.71470000
618,293.30000000,297.30000000,287.30000000,288.9,8674.41710000
619,288.90000000,291.30000000,284.40000000,285.5,9717.29490000
620,285.50000000,308.00000000,285.40000000,304.1,33032.30720000
621,304.20000000,321.20000000,303.50000000,320.3,33276.70930000
622,320.10000000,326.60000000,316.50000000,322.6,15278.28520000
623,322.50000000,324.60000000,310.90000000,314.5,23610.56580000
624,314.40000000,316.20000000,310.50000000,314.0,9315.77560000
625,314.00000000,329.80000000,310.90000000,326.9,24850.99320000
626,327.00000000,336.80000000,324.70000000,328.8,16150.56730000
627,328.90000000,330.40000000,320.70000000,322.7,11679.28690000
628,322.60000000,326.90000000,316.70000000,318.7,15518.07510000
629,318.60000000,321.40000000,301.30000000,302.0,27755.98560000
630,302.10000000,304.60000000,291.70000000,299.6,40208.97890000
631,299.70000000,308.50000000,296.50000000,297.5,23313.05320000
632,297.40000000,298.50000000,282.80000000,288.8,35174.10670000
633,288.80000000,291.00000000,282.50000000,288.3,19976.45470000
634,288.40000000,294.80000000,282.20000000,294.4,14131.51140000
635,294.30000000,312.90000000,289.20000000,304.4,37752.99240000
636,304.40000000,335.00000000,303.20000000,318.6,55286.75790000
637,318.60000000,331.00000000,312.50000000,323.9,28429.03950000
638,324.00000000,335.00000000,319.80000000,322.3,24262.59790000
639,322.40000000,326.20000000,310.80000000,313.8,22783.72660000
640,313.70000000,318.50000000,306.40000000,316.5,28833.20790000
641,316.40000000,340.30000000,311.80000000,337.6,59766.21160000
642,337.70000000,382.00000000,335.30000000,375.8,59412.03220000
643,375.90000000,384.90000000,363.70000000,383.6,56710.63570000
644,383.60000000,386.70000000,365.70000000,373.5,45900.82900000
645,373.30000000,375.80000000,362.00000000,374.2,17201.95570000
646,374.10000000,434.00000000,367.90000000,422.1,71441.89310000
647,422.00000000,428.00000000,412.60000000,422.6,42346.59900000
648,422.50000000,428.00000000,401.30000000,401.9,51776.43730000
649,401.90000000,415.60000000,399.70000000,407.6,20373.23990000
650,407.70000000,414.10000000,394.00000000,404.3,22645.94380000
651,404.30000000,425.30000000,402.90000000,420.7,36006.03340000
652,420.70000000,474.50000000,420.60000000,460.3,71029.34890000
653,460.50000000,471.90000000,457.30000000,469.3,32150.35950000
654,469.30000000,475.70000000,455.50000000,461.9,35023.59760000
655,461.70000000,480.50000000,452.70000000,453.8,55315.33230000
656,453.70000000,470.20000000,447.00000000,467.1,36045.69080000
657,467.20000000,484.30000000,457.30000000,469.6,29447.64830000
658,469.80000000,582.70000000,460.30000000,576.1,136109.26640000
659,576.20000000,579.70000000,537.00000000,539.4,75735.04600000
660,539.20000000,550.00000000,520.10000000,538.5,63397.93500000
661,538.40000000,553.90000000,534.90000000,540.7,22870.27100000
662,540.60000000,550.70000000,520.60000000,549.7,28412.99490000
663,549.60000000,592.80000000,540.90000000,589.5,62417.71810000
664,589.60000000,599.40000000,540.00000000,561.9,87185.34920000
665,561.90000000,569.60000000,547.10000000,550.4,26087.53970000
666,550.50000000,564.30000000,535.50000000,537.1,31157.80290000
667,537.30000000,581.10000000,536.40000000,568.4,43927.98690000
668,568.60000000,579.10000000,545.40000000,554.5,35418.77620000
669,554.60000000,567.80000000,548.80000000,551.9,23171.64170000
670,552.00000000,571.80000000,544.90000000,547.8,30796.53320000
671,547.60000000,561.90000000,542.00000000,547.4,36358.18010000
672,547.40000000,554.90000000,512.60000000,516.5,75250.09190000
673,516.60000000,529.10000000,502.80000000,526.4,45807.67480000
674,526.20000000,562.80000000,520.40000000,562.3,36222.47040000
675,562.30000000,564.00000000,518.90000000,524.8,42126.44390000
676,524.70000000,547.00000000,520.80000000,532.1,37212.82700000
677,532.10000000,552.60000000,529.30000000,548.9,17512.79300000
678,549.00000000,553.10000000,526.80000000,527.1,15193.60550000
679,527.30000000,546.50000000,523.00000000,546.1,23601.18640000
680,546.00000000,547.00000000,525.00000000,531.1,25385.98690000
681,531.30000000,537.60000000,518.00000000,535.8,14666.90830000
682,535.80000000,545.10000000,528.00000000,530.0,16626.52230000
683,530.10000000,543.60000000,525.30000000,534.8,22344.60300000
684,534.80000000,580.40000000,530.20000000,574.6,53215.42830000
685,574.70000000,587.00000000,554.10000000,560.6,39628.91450000
686,560.80000000,587.00000000,539.70000000,584.0,32047.30450000
687,583.80000000,609.90000000,561.70000000,589.1,56279.78120000
688,589.30000000,606.40000000,581.30000000,590.8,39129.34040000
689,590.80000000,599.90000000,568.40000000,578.1,28762.75580000
690,578.20000000,610.80000000,572.10000000,607.9,25897.54680000
691,607.80000000,618.50000000,574.40000000,579.5,45796.31080000
692,579.40000000,581.10000000,512.70000000,548.1,115669.73370000
693,548.20000000,559.40000000,517.50000000,537.9,52044.07810000
694,537.70000000,553.80000000,526.90000000,543.6,41637.26650000
695,543.60000000,580.90000000,540.10000000,541.4,54997.94130000
696,541.50000000,550.00000000,510.70000000,523.8,59208.42970000
697,523.80000000,525.90000000,494.30000000,519.7,46733.06580000
698,519.90000000,545.00000000,516.70000000,526.6,25436.13870000
699,526.60000000,533.70000000,491.70000000,500.2,43725.32470000
700,500.10000000,509.10000000,471.70000000,497.7,62610.84930000
701,497.40000000,506.60000000,490.20000000,497.0,20189.28170000
702,496.60000000,511.80000000,485.30000000,511.3,21642.31200000
703,511.40000000,527.50000000,500.40000000,522.9,33835.50730000
704,522.40000000,568.20000000,516.00000000,563.2,78699.78970000
705,563.30000000,587.00000000,559.20000000,585.8,27334.34720000
706,585.90000000,601.50000000,569.30000000,600.3,27258.32850000
707,600.30000000,602.20000000,578.60000000,580.4,20466.51230000
708,580.50000000,584.00000000,563.90000000,571.7,26775.16290000
709,571.80000000,572.40000000,554.10000000,565.4,20864.39490000
710,565.40000000,571.10000000,548.10000000,548.8,11159.07500000
711,548.80000000,562.40000000,548.20000000,553.3,14199.26340000
712,553.00000000,576.30000000,550.30000000,565.3,34925.56340000
713,565.30000000,637.00000000,565.30000000,634.9,42202.56110000
714,634.90000000,679.00000000,622.80000000,636.1,59302.87980000
715,636.20000000,640.70000000,609.10000000,629.7,48036.62130000
716,629.70000000,653.30000000,617.20000000,630.6,53290.05470000
717,630.80000000,634.40000000,600.40000000,610.8,32922.93820000
718,610.70000000,632.20000000,604.80000000,617.9,26952.30210000
719,618.00000000,640.00000000,610.10000000,637.0,33034.40480000
720,637.40000000,644.70000000,622.90000000,629.4,50653.29010000
721,629.20000000,633.00000000,604.10000000,607.4,22895.95620000
722,607.50000000,618.30000000,582.30000000,589.3,31014.52190000
723,589.50000000,606.10000000,587.60000000,598.8,17991.83200000
724,598.80000000,600.70000000,577.00000000,582.2,32898.01390000
725,582.20000000,583.90000000,565.70000000,569.8,25476.69600000
726,569.80000000,592.40000000,565.10000000,589.8,15994.37610000
727,589.60000000,594.20000000,569.20000000,592.7,24253.32200000
728,592.50000000,596.80000000,536.00000000,540.0,56306.01010000
729,539.80000000,571.40000000,536.40000000,563.8,26979.23430000
730,563.80000000,574.20000000,557.20000000,559.3,15528.17380000
731,559.40000000,600.00000000,559.40000000,593.5,27198.03320000
732,593.70000000,632.00000000,592.60000000,619.8,41873.95720000
733,619.70000000,644.00000000,613.80000000,621.8,29120.91740000
734,621.80000000,658.20000000,616.50000000,643.0,27279.79760000
735,643.00000000,660.30000000,637.20000000,657.1,25956.64260000
736,657.10000000,682.20000000,652.60000000,672.2,43107.62870000
737,672.00000000,679.20000000,654.60000000,656.6,15150.22680000
738,656.70000000,666.50000000,648.70000000,650.7,17075.87160000
739,650.60000000,664.30000000,634.40000000,637.3,24348.31270000
740,637.10000000,648.00000000,631.70000000,640.5,15737.37860000
741,640.70000000,658.80000000,636.40000000,640.5,13969.35630000
742,640.60000000,678.60000000,632.20000000,655.9,29091.34200000
743,655.90000000,667.20000000,639.00000000,641.9,25139.70360000
744,641.90000000,649.60000000,621.10000000,636.3,42455.59330000
745,636.40000000,644.00000000,631.60000000,632.7,13458.45520000
746,632.80000000,638.70000000,621.00000000,624.8,20672.19250000
747,624.80000000,632.00000000,592.80000000,598.3,31212.87720000
748,598.40000000,631.90000000,587.30000000,609.4,51649.07270000
749,609.50000000,612.50000000,586.50000000,597.8,18348.14860000
750,597.90000000,633.60000000,591.60000000,626.0,27866.45410000
751,626.00000000,634.60000000,587.40000000,593.6,38327.32970000
752,593.60000000,596.90000000,570.00000000,575.1,31622.35880000
753,575.10000000,593.90000000,574.30000000,579.6,16062.47060000
754,579.60000000,594.40000000,574.70000000,576.9,12477.89100000
755,576.50000000,597.50000000,566.20000000,574.9,25430.69470000
756,574.90000000,590.60000000,574.70000000,577.0,18634.20900000
757,577.10000000,591.80000000,560.90000000,578.3,19235.08900000
758,577.90000000,599.80000000,569.40000000,575.8,24606.63620000
759,575.80000000,584.50000000,571.10000000,572.2,13567.88920000
760,572.20000000,588.60000000,565.20000000,583.0,29052.21070000
761,583.00000000,588.70000000,571.00000000,576.4,9472.63960000
762,576.30000000,587.10000000,571.10000000,575.3,7097.41390000
763,575.20000000,575.60000000,556.50000000,560.9,15572.59420000
764,561.00000000,563.60000000,552.10000000,553.9,14034.79260000
765,553.90000000,561.20000000,548.60000000,557.9,8552.80080000
766,557.90000000,565.90000000,553.80000000,555.9,8339.39500000
767,555.90000000,579.20000000,553.20000000,579.1,20634.68650000
768,579.10000000,592.00000000,569.40000000,573.1,31185.40880000
769,573.00000000,608.30000000,572.30000000,603.2,24638.09230000
770,603.20000000,611.00000000,585.50000000,588.8,13506.04440000
771,588.80000000,597.00000000,573.30000000,577.9,14635.34730000
772,577.90000000,579.90000000,541.00000000,557.6,35620.42430000
773,557.60000000,562.40000000,547.00000000,547.4,12673.59140000
774,547.10000000,561.10000000,543.10000000,557.4,15504.34910000
775,557.70000000,561.60000000,546.10000000,555.4,14821.10160000
776,555.50000000,558.60000000,536.30000000,545.9,23573.94710000
777,545.80000000,552.00000000,541.70000000,543.0,8000.18760000
778,543.00000000,545.60000000,535.40000000,543.0,8001.70160000
779,543.00000000,549.20000000,525.00000000,528.8,19230.44770000
780,528.80000000,534.80000000,514.00000000,515.5,31485.15930000
781,515.50000000,531.60000000,505.70000000,527.4,22768.54090000
782,527.50000000,540.00000000,524.10000000,535.9,18358.34520000
783,535.80000000,542.70000000,526.30000000,538.6,16353.57200000
784,538.70000000,561.40000000,537.10000000,540.6,30772.97720000
785,540.40000000,555.10000000,540.00000000,542.8,13001.00110000
786,542.70000000,545.80000000,527.70000000,534.1,13149.60930000
787,534.10000000,545.30000000,525.30000000,542.4,12978.21640000
788,542.40000000,546.30000000,510.00000000,510.7,25913.46920000
789,510.70000000,522.90000000,459.00000000,486.1,59767.70660000
790,486.00000000,515.30000000,482.50000000,513.1,26097.05060000
791,513.30000000,521.50000000,507.10000000,516.3,16249.74620000
792,516.40000000,516.90000000,500.60000000,508.6,13495.07930000
793,508.90000000,515.10000000,506.10000000,510.7,6323.81500000
794,510.80000000,513.40000000,505.20000000,506.3,5994.93900000
795,506.40000000,506.80000000,496.50000000,497.9,8802.57320000
796,498.00000000,516.60000000,497.50000000,507.2,14312.95950000
797,507.20000000,515.10000000,502.60000000,510.9,11546.36980000
798,510.90000000,521.00000000,490.40000000,498.6,18895.60420000
799,498.70000000,524.60000000,495.90000000,523.1,25862.31690000
800,523.00000000,529.90000000,500.00000000,503.3,34424.70240000
801,503.30000000,525.00000000,502.20000000,514.2,20460.59410000
802,514.30000000,546.90000000,511.40000000,528.0,26224.03380000
803,528.00000000,553.80000000,526.00000000,550.6,39368.07350000
804,550.50000000,555.90000000,541.60000000,544.6,29073.99710000
805,544.50000000,546.10000000,515.60000000,521.2,29884.07770000
806,521.10000000,527.50000000,508.10000000,525.0,15030.52160000
807,525.00000000,529.30000000,506.30000000,507.3,22505.26280000
808,507.30000000,514.10000000,497.10000000,502.3,27357.00720000
809,502.30000000,504.90000000,493.40000000,494.0,13239.71580000
810,494.00000000,505.40000000,491.60000000,501.7,10379.17790000
811,501.70000000,503.20000000,490.00000000,491.0,10583.36130000
812,491.00000000,492.90000000,478.00000000,484.8,24203.46780000
813,484.90000000,486.30000000,475.10000000,484.6,13453.10120000
814,484.70000000,489.20000000,474.50000000,476.8,15482.31320000
815,476.70000000,477.60000000,449.40000000,464.0,37966.19350000
816,464.10000000,482.40000000,454.60000000,465.7,36620.91120000
817,465.80000000,465.80000000,454.60000000,463.7,9007.94770000
818,463.70000000,467.10000000,458.40000000,461.8,4790.11470000
819,461.90000000,462.40000000,454.00000000,456.0,8513.20260000
820,456.00000000,457.40000000,429.60000000,436.3,48321.17580000
821,436.30000000,446.60000000,432.90000000,439.4,10664.13800000
822,439.50000000,442.80000000,420.70000000,428.5,20991.00530000
823,428.50000000,439.30000000,428.10000000,429.2,10888.79110000
824,429.20000000,436.10000000,407.50000000,435.3,37374.96570000
825,435.40000000,443.10000000,424.60000000,434.4,22451.42260000
826,434.40000000,441.70000000,426.80000000,427.6,13872.86310000
827,427.70000000,434.90000000,423.00000000,430.4,14592.28230000
828,430.40000000,435.90000000,418.00000000,421.0,20797.93970000
829,421.10000000,425.50000000,403.40000000,419.7,24964.43240000
830,419.50000000,429.20000000,416.10000000,427.9,11622.29050000
831,427.90000000,433.40000000,424.80000000,429.9,13438.97980000
832,429.90000000,460.80000000,428.20000000,454.6,40497.85290000
833,454.80000000,465.60000000,446.70000000,458.2,28012.45830000
834,458.40000000,512.90000000,457.30000000,510.4,72909.67360000
835,510.40000000,531.90000000,487.80000000,530.2,63243.91750000
836,530.20000000,539.40000000,509.40000000,517.0,45511.31370000
837,516.90000000,532.30000000,515.40000000,527.6,20610.73840000
838,527.50000000,548.30000000,523.40000000,531.2,28061.39870000
839,531.30000000,531.40000000,509.50000000,516.3,21267.43180000
840,516.30000000,523.50000000,502.50000000,514.8,26869.37380000
841,514.80000000,518.80000000,504.10000000,507.5,23875.68610000
842,507.70000000,516.70000000,496.70000000,507.5,21578.71930000
843,507.30000000,509.20000000,497.40000000,499.3,17464.83830000
844,499.30000000,510.60000000,487.70000000,493.4,25860.31140000
845,493.60000000,505.90000000,490.70000000,499.0,19472.30660000
846,499.00000000,519.80000000,497.60000000,511.2,22796.41080000
847,511.20000000,521.10000000,505.20000000,507.3,26989.60430000
848,507.00000000,507.40000000,484.60000000,492.3,23925.62710000
849,492.30000000,530.50000000,489.70000000,516.3,31332.93450000
850,516.30000000,525.70000000,504.60000000,514.5,37440.90420000
851,514.50000000,532.10000000,503.80000000,529.4,38136.02210000
852,529.40000000,574.50000000,519.60000000,564.0,84362.76820000
853,564.10000000,575.60000000,529.30000000,560.0,47670.29810000
854,560.10000000,578.60000000,543.10000000,552.3,35893.48300000
855,551.90000000,597.40000000,546.10000000,589.9,56409.03080000
856,590.10000000,607.80000000,557.70000000,596.2,74326.65070000
857,596.30000000,622.90000000,585.50000000,606.2,53853.24530000
858,606.40000000,624.20000000,580.30000000,597.9,60477.47200000
859,597.90000000,602.90000000,511.00000000,554.8,90346.97940000
860,554.70000000,559.30000000,528.20000000,552.4,50481.03880000
861,552.50000000,582.20000000,551.80000000,568.5,43202.47660000
862,568.70000000,580.00000000,525.00000000,532.5,37944.79340000
863,532.50000000,551.10000000,521.80000000,545.5,26650.69340000
864,545.40000000,576.50000000,541.90000000,557.8,69277.11360000
865,558.10000000,561.90000000,516.90000000,538.4,41259.09070000
866,538.40000000,550.50000000,527.60000000,550.2,20881.29860000
867,550.40000000,560.20000000,512.00000000,520.1,39306.16410000
868,520.00000000,521.00000000,495.20000000,505.9,50576.66610000
869,505.90000000,509.20000000,487.30000000,494.9,35794.51060000
870,494.90000000,507.60000000,490.00000000,497.3,24478.98630000
871,497.40000000,514.20000000,497.30000000,511.1,18298.38260000
872,510.90000000,518.70000000,493.70000000,500.5,30926.53650000
873,500.50000000,522.60000000,496.10000000,518.2,30460.52830000
874,518.20000000,538.90000000,512.30000000,531.8,21703.36910000
875,531.80000000,535.00000000,520.10000000,535.0,15887.34170000
876,534.90000000,539.00000000,507.80000000,524.8,27537.14490000
877,524.80000000,530.30000000,512.10000000,517.7,18624.55900000
878,517.80000000,519.40000000,485.50000000,504.5,28745.39190000
879,504.80000000,522.70000000,504.10000000,505.7,17752.28370000
880,505.60000000,516.00000000,498.90000000,504.8,17881.12990000
881,504.70000000,505.20000000,485.00000000,491.1,21476.58960000
882,491.10000000,499.00000000,487.30000000,493.4,27293.86930000
883,493.60000000,507.60000000,487.30000000,490.0,35741.91280000
884,489.80000000,527.20000000,475.20000000,514.2,53004.11830000
885,514.20000000,517.80000000,490.00000000,511.5,29930.64200000
886,511.60000000,512.40000000,488.70000000,493.2,15050.12370000
887,493.10000000,495.10000000,484.60000000,493.1,21441.13310000
888,493.10000000,498.20000000,475.00000000,484.1,49849.04510000
889,484.00000000,503.40000000,472.90000000,482.7,41056.42720000
890,482.60000000,482.80000000,460.40000000,467.8,27842.57250000
891,467.70000000,484.00000000,462.00000000,475.4,27370.71040000
892,475.40000000,491.50000000,459.30000000,460.4,35563.91900000
893,460.50000000,489.20000000,450.00000000,482.0,57775.67130000
894,482.10000000,504.60000000,476.00000000,488.8,47648.66820000
895,488.80000000,489.30000000,461.60000000,466.2,40484.34080000
896,466.10000000,515.00000000,465.80000000,512.9,69376.09520000
897,513.00000000,529.00000000,508.40000000,518.9,31529.95250000
898,519.00000000,521.20000000,501.70000000,502.3,26419.55630000
899,502.20000000,504.60000000,490.50000000,503.6,20490.52810000
900,503.50000000,507.10000000,484.20000000,488.2,28410.73260000
901,488.40000000,515.00000000,484.30000000,511.3,23829.13380000
902,511.30000000,535.20000000,505.50000000,519.0,40741.68480000
903,519.00000000,535.00000000,516.00000000,522.4,25323.61390000
904,522.20000000,548.50000000,503.30000000,519.0,59100.63930000
905,518.60000000,535.80000000,499.10000000,521.9,28893.00570000
906,521.90000000,547.80000000,518.30000000,540.9,30247.19360000
907,540.90000000,547.50000000,510.70000000,512.6,33316.96810000
908,512.40000000,518.10000000,485.60000000,500.6,63046.50070000
909,500.60000000,528.70000000,499.60000000,527.4,17325.09100000
910,527.40000000,539.40000000,516.10000000,534.3,24091.56810000
911,534.40000000,541.40000000,518.60000000,523.6,28817.05860000
912,523.40000000,530.30000000,491.70000000,515.1,59339.67650000
913,515.10000000,565.80000000,513.20000000,546.0,87088.62980000
914,545.90000000,574.60000000,541.00000000,567.7,54671.12410000
915,567.80000000,567.90000000,503.40000000,517.6,71772.77030000
916,517.50000000,541.80000000,508.90000000,534.2,55477.74920000
917,533.70000000,570.00000000,520.10000000,558.9,71274.32620000
918,558.80000000,571.00000000,542.10000000,543.1,41381.74790000
919,543.30000000,577.60000000,543.00000000,572.2,38644.17960000
920,572.20000000,594.00000000,559.40000000,579.0,41062.60900000
921,579.00000000,587.40000000,559.70000000,560.8,38236.65880000
922,560.80000000,582.10000000,555.00000000,579.5,34380.95060000
923,579.30000000,581.10000000,559.80000000,568.2,28977.46750000
924,567.80000000,591.00000000,551.00000000,577.3,46416.47080000
925,577.30000000,610.00000000,575.10000000,595.5,52457.89110000
926,595.50000000,619.90000000,582.20000000,617.7,41894.73070000
927,617.50000000,640.10000000,602.00000000,623.2,60691.98270000
928,623.30000000,635.60000000,610.10000000,625.5,47495.83560000
929,625.50000000,627.00000000,612.40000000,617.4,16406.65720000
930,617.60000000,621.60000000,609.60000000,618.3,16109.41520000
931,618.60000000,632.80000000,610.00000000,623.7,31724.83120000
932,623.80000000,681.00000000,623.20000000,663.7,75376.28350000
933,663.60000000,679.10000000,652.00000000,677.8,23640.43870000
934,677.90000000,678.40000000,645.80000000,648.4,24929.46400000
935,648.40000000,654.30000000,640.10000000,651.4,16765.83960000
936,651.20000000,659.20000000,636.60000000,641.6,30044.53640000
937,641.40000000,645.20000000,626.10000000,636.4,21212.47450000
938,636.50000000,644.50000000,600.00000000,607.6,53913.69180000
939,607.60000000,624.40000000,570.00000000,586.2,56423.55150000
940,586.10000000,610.40000000,565.10000000,568.1,64034.70910000
941,568.00000000,608.00000000,567.90000000,606.4,36145.09180000
942,606.50000000,620.00000000,589.60000000,614.7,31880.35790000
943,614.50000000,638.20000000,597.90000000,613.9,60117.13970000
944,613.90000000,615.40000000,567.10000000,602.7,72806.19730000
945,602.70000000,624.40000000,595.10000000,619.3,35129.54360000
946,619.40000000,667.00000000,617.20000000,659.2,48846.90690000
947,659.20000000,725.90000000,650.30000000,694.9,85784.08110000
948,694.70000000,706.70000000,660.50000000,672.5,64032.35210000
949,672.80000000,687.90000000,642.60000000,655.6,41723.60520000
950,655.50000000,689.00000000,623.10000000,664.4,65446.01910000
951,664.90000000,680.50000000,654.30000000,674.1,32119.82260000
952,674.10000000,723.60000000,673.00000000,714.3,62468.43250000
953,714.60000000,724.30000000,649.80000000,680.7,67038.73190000
954,680.50000000,748.30000000,671.60000000,726.5,61441.73590000
955,726.50000000,743.00000000,707.80000000,727.7,42422.73970000
956,727.80000000,742.10000000,699.30000000,723.7,55533.49720000
957,723.90000000,726.80000000,698.70000000,706.7,42600.13220000
958,706.70000000,719.20000000,697.60000000,711.9,20691.19670000
959,711.80000000,718.70000000,694.30000000,701.3,22307.98350000
960,701.30000000,707.50000000,680.00000000,688.6,23242.14500000
961,688.60000000,704.70000000,688.10000000,698.3,11999.01060000
962,698.40000000,710.50000000,681.10000000,682.4,21384.20420000
963,682.40000000,699.70000000,675.60000000,689.3,23362.85970000
964,689.40000000,704.10000000,684.70000000,700.5,23415.64190000
965,700.50000000,717.30000000,686.10000000,712.9,21294.52550000
966,712.90000000,713.50000000,663.60000000,681.6,37612.18480000
967,681.60000000,681.60000000,650.30000000,651.9,46961.67420000
968,651.70000000,680.40000000,644.80000000,648.8,39807.45370000
969,649.00000000,654.20000000,385.00000000,597.7,149975.15810000
970,597.70000000,612.90000000,550.80000000,584.9,51815.44850000
971,584.80000000,603.00000000,573.60000000,589.6,44333.20230000
972,589.60000000,590.00000000,528.20000000,533.3,83702.55210000
973,533.30000000,588.50000000,530.60000000,574.3,40723.24960000
974,574.30000000,576.10000000,550.80000000,570.5,30743.29500000
975,570.60000000,588.30000000,567.60000000,576.3,22569.10030000
976,576.60000000,619.90000000,576.60000000,602.2,57442.75100000
977,602.30000000,612.10000000,599.00000000,600.9,25411.28050000
978,601.00000000,645.50000000,599.50000000,626.5,34008.32780000
979,626.40000000,634.60000000,604.40000000,607.6,23673.51420000
980,607.70000000,626.10000000,599.90000000,613.0,41305.86750000
981,613.10000000,616.50000000,569.30000000,576.9,39903.31420000
982,576.80000000,585.00000000,566.90000000,574.0,22500.58460000
983,573.90000000,580.00000000,562.20000000,574.0,47958.28490000
984,574.00000000,589.80000000,568.70000000,573.8,32399.47320000
985,573.90000000,578.60000000,566.00000000,578.1,15810.37110000
986,578.10000000,587.80000000,571.30000000,580.4,12953.45930000
987,580.50000000,586.90000000,575.90000000,579.0,13210.28100000
988,579.00000000,581.30000000,540.80000000,542.7,43678.20610000
989,542.70000000,561.50000000,538.00000000,560.5,23088.04150000
990,560.60000000,566.70000000,552.10000000,557.1,9674.04600000
991,557.10000000,560.30000000,540.20000000,559.2,18850.37030000
992,559.10000000,574.70000000,555.70000000,566.5,17059.93970000
993,566.60000000,577.10000000,547.00000000,574.3,20209.45300000
994,574.50000000,586.00000000,553.90000000,564.0,23010.71630000
995,564.20000000,569.10000000,535.00000000,536.0,29446.33590000
996,535.90000000,555.50000000,535.60000000,550.6,29992.18180000
997,550.70000000,559.30000000,538.50000000,541.3,21021.39530000
998,541.30000000,541.60000000,527.80000000,534.6,28745.95590000
999,534.60000000,540.20000000,524.10000000,536.5,39355.32480000
